Player,TeamID,G,GS,MP,FG,FGA,FG%,3P,3PA,3P%,2P,2PA,2P%,FT,FTA,FT%,ORB,DRB,TRB,AST,STL,BLK,TOV,PF,PTS▼
Tyler Dorsey,7,3,0,8,18,22.5,0.8,4.5,9,0.5,13.5,13.5,1,0,0,0,4.5,4.5,9,0,0,0,0,0,40.5
Stanley Umude,9,1,0,2,0,18,0,0,18,0,0,0,0,36,36,1,0,0,0,0,18,18,0,0,36
Donovan Williams,1,2,0,4,18,45,0.4,0,18,0,18,27,0.667,0,0,0,0,18,18,0,0,0,0,0,36
Giannis Antetokounmpo,17,63,63,2024,12.6,22.7,0.553,0.8,3,0.275,11.7,19.7,0.596,8.9,13.7,0.645,2.4,10.8,13.2,6.4,0.9,0.9,4.4,3.5,34.8
Joel Embiid,23,66,66,2284,11.5,20.9,0.548,1,3.2,0.33,10.4,17.8,0.587,10.4,12.2,0.857,1.8,8.8,10.6,4.3,1,1.8,3.6,3.2,34.4
Luka Dončić,7,66,66,2391,10.8,21.8,0.496,2.8,8.1,0.342,8,13.7,0.588,7.8,10.4,0.742,0.8,7.8,8.6,8,1.4,0.5,3.6,2.5,32.2
Da16n Lillard,25,58,58,2107,9.5,20.5,0.463,4.2,11.2,0.371,5.3,9.3,0.574,8.7,9.5,0.914,0.8,4,4.7,7.3,0.9,0.3,3.3,1.9,31.9
Shai Gilgeous-Alexander,21,68,68,2416,10.5,20.6,0.51,0.9,2.5,0.345,9.6,18.1,0.533,10,11,0.905,0.9,4,4.9,5.5,1.7,1,2.9,2.9,31.8
Stephen Curry,10,56,56,1941,10.4,21,0.493,5.1,11.9,0.427,5.3,9.2,0.579,4.8,5.2,0.915,0.7,5.6,6.3,6.5,1,0.4,3.3,2.2,30.6
Ja Morant,15,61,59,1948,10.5,22.4,0.466,1.7,5.5,0.307,8.8,16.9,0.519,6.9,9.2,0.748,1.1,5.5,6.6,9.1,1.2,0.3,3.8,1.8,29.5
Kevin Durant,25,47,47,1672,10.4,18.6,0.56,2,5,0.404,8.4,13.6,0.617,6.6,7.2,0.919,0.4,6.4,6.7,5.1,0.7,1.4,3.4,2.1,29.4
Jayson Tatum,2,74,74,2732,9.6,20.5,0.466,3.2,9,0.35,6.4,11.5,0.558,7,8.2,0.854,1,7.5,8.6,4.5,1,0.7,2.8,2.1,29.3
LeBron James,14,55,54,1954,11.2,22.5,0.5,2.2,6.9,0.321,9,15.5,0.58,4.6,6,0.768,1.2,7.2,8.4,6.9,0.9,0.6,3.3,1.6,29.3
Devin Booker,24,53,53,1835,10.3,20.9,0.494,2.2,6.2,0.351,8.2,14.7,0.554,6,7,0.855,0.9,3.8,4.7,5.7,1,0.4,2.8,3.1,28.9
Donovan Mitchell,6,68,68,2432,10.1,20.8,0.484,3.6,9.4,0.386,6.4,11.4,0.566,4.7,5.4,0.867,0.9,3.3,4.3,4.5,1.5,0.4,2.7,2.5,28.5
Zion Williamson,19,29,29,956,10.7,17.7,0.608,0.3,0.7,0.368,10.5,16.9,0.618,6.7,9.3,0.714,2.2,5.4,7.6,5,1.2,0.6,3.7,2.4,28.4
Anthony Davis,14,56,54,1904,10.2,18.2,0.563,0.4,1.4,0.257,9.9,16.8,0.589,6.6,8.4,0.784,3.7,9.6,13.3,2.8,1.1,2.2,2.3,2.8,27.4
Trae Young,1,73,73,2541,8.5,19.7,0.429,2.2,6.5,0.335,6.3,13.2,0.476,8,9.1,0.886,0.8,2.3,3.1,10.5,1.1,0.1,4.3,1.5,27.1
De'Aaron Fox,26,73,73,2435,10.1,19.7,0.512,1.8,5.4,0.324,8.3,14.3,0.584,5.1,6.5,0.78,0.6,3.9,4.5,6.6,1.2,0.3,2.7,2.5,27
Lauri Markkanen,29,66,66,2273,9,18.1,0.499,3.2,8.1,0.391,5.9,10,0.585,5.5,6.3,0.875,2.1,7,9,1.9,0.7,0.6,2,2.2,26.8
Luka Garza,18,28,0,243,9.3,17.2,0.543,2.1,5.8,0.359,7.3,11.4,0.636,6.1,7.7,0.788,4.9,4.4,9.3,2.7,0.4,0.3,2.1,6.4,26.8
Jaylen Brown,2,67,67,2405,10.2,20.7,0.491,2.4,7.3,0.335,7.7,13.4,0.576,3.9,5.1,0.765,1.2,5.7,6.9,3.5,1.1,0.4,2.9,2.6,26.7
Nikola Jokić,8,69,69,2323,10,15.8,0.632,0.9,2.3,0.383,9.1,13.5,0.675,5.3,6.4,0.822,2.6,10.1,12.7,10.5,1.3,0.7,3.8,2.7,26.2
Kyrie Irving,7,60,60,2241,9.5,19.3,0.494,3,8,0.379,6.5,11.4,0.574,4,4.4,0.905,0.9,3.9,4.9,5.3,1.1,0.7,2.1,2.7,26.1
Brandon Ingram,19,45,45,1538,9.5,19.5,0.484,1.5,3.8,0.39,8,15.7,0.507,5.6,6.4,0.882,0.5,5.2,5.8,6.1,0.7,0.4,3.5,2.7,26
Kristaps 25ziņģis,30,65,65,2120,8.6,17.3,0.498,2.3,6,0.385,6.3,11.2,0.559,6,7.1,0.851,1.9,7.3,9.3,3,1,1.7,2.3,3.3,25.6
Julius Randle,20,77,77,2737,8.7,18.8,0.459,2.9,8.4,0.343,5.8,10.5,0.553,5.3,7,0.757,1.9,8.2,10.1,4.2,0.6,0.3,2.8,3.1,25.5
Kawhi Leonard,13,52,50,1748,9.2,17.9,0.512,2.1,5.1,0.416,7,12.8,0.551,5,5.7,0.871,1.2,5.8,7,4.2,1.5,0.6,1.8,1.7,25.5
Bradley Beal,30,50,50,1673,9.6,18.9,0.506,1.7,4.7,0.365,7.8,14.2,0.552,4.1,4.9,0.842,0.9,3.3,4.2,5.8,1,0.7,3.1,2.3,25
Zach LaVine,5,77,77,2768,8.8,18.1,0.485,2.7,7.1,0.375,6.1,11,0.556,4.7,5.6,0.848,0.5,3.9,4.5,4.3,0.9,0.2,2.5,2.1,24.9
Louis King,23,1,0,29,9.9,16.1,0.615,5,9.9,0.5,5,6.2,0.8,0,1.2,0,2.5,2.5,5,2.5,1.2,0,2.5,5,24.8
Jalen Brunson,20,68,68,2379,8.9,18.1,0.491,2,4.9,0.416,6.9,13.2,0.519,4.9,5.9,0.829,0.6,3,3.6,6.4,0.9,0.2,2.1,2.3,24.7
Jimmy Butler,16,64,64,2138,8.1,15,0.539,0.6,1.7,0.35,7.5,13.2,0.564,7.9,9.3,0.85,2.4,3.9,6.3,5.7,2,0.4,1.7,1.3,24.7
Anthony Edwards,18,79,79,2842,9,19.5,0.459,2.7,7.3,0.369,6.3,12.2,0.513,4,5.3,0.756,0.6,5.2,5.8,4.4,1.6,0.7,3.3,2.4,24.7
Paul George,13,56,56,1939,8.5,18.6,0.457,2.9,7.9,0.371,5.6,10.7,0.521,4.8,5.5,0.871,0.8,5.5,6.3,5.3,1.5,0.4,3.3,3,24.7
Jordan Poole,10,82,43,2458,8.1,18.7,0.43,3.1,9.3,0.336,4.9,9.4,0.524,5.3,6.1,0.87,0.5,2.8,3.3,5.4,0.9,0.3,3.7,3.1,24.5
Kenneth Lofton Jr.,15,24,1,176,10,19,0.527,1.2,3.5,0.353,8.8,15.5,0.566,3.3,5.5,0.593,3.9,6.5,10.4,4.1,1,0.4,2.5,5.7,24.5
Desmond Bane,15,58,58,1841,8.8,18.4,0.479,3.2,8,0.408,5.6,10.4,0.534,3.5,4,0.883,0.8,4.8,5.7,5,1.1,0.4,2.5,2.9,24.4
DeMar DeRozan,5,74,74,2682,8.8,17.5,0.504,0.6,1.9,0.324,8.2,15.6,0.526,6.1,7,0.872,0.5,4.1,4.6,5.1,1.1,0.5,2.1,2.5,24.4
Bojan Bogdanović,9,59,59,1893,8.2,16.8,0.488,2.8,6.7,0.411,5.4,10.1,0.539,5.1,5.8,0.884,0.7,3.6,4.2,2.9,0.6,0.2,2.6,2.1,24.2
Keldon Johnson,27,63,63,2063,8.8,19.4,0.452,2.3,7.1,0.329,6.4,12.3,0.523,4.3,5.7,0.749,1,4.6,5.5,3.2,0.8,0.2,2.3,2.2,24.2
Chris Silva,7,1,0,3,12,12,1,0,0,0,12,12,1,0,0,0,0,0,0,0,0,0,12,24,24
Klay Thompson,10,69,69,2279,8.6,19.8,0.436,4.8,11.5,0.412,3.9,8.2,0.47,1.8,2.1,0.879,0.6,3.9,4.5,2.6,0.8,0.5,1.9,2.1,23.8
LaMelo Ball,4,36,36,1268,8.4,20.5,0.411,4.1,10.9,0.376,4.3,9.6,0.45,2.9,3.5,0.836,1.2,5.4,6.6,8.6,1.3,0.3,3.7,3.4,23.8
Jaren Jackson Jr.,15,63,63,1787,8.4,16.6,0.506,2,5.7,0.355,6.4,10.9,0.585,4.9,6.2,0.788,2.2,6.4,8.6,1.2,1.3,3.8,2.2,4.6,23.6
Norman Powell,13,60,8,1567,7.8,16.3,0.479,2.6,6.6,0.397,5.2,9.7,0.534,5.2,6.4,0.812,0.6,3.5,4,2.5,1.1,0.4,2.3,2.9,23.4
Jalen Green,11,76,76,2602,7.8,18.8,0.416,2.6,7.7,0.338,5.2,11.1,0.471,5,6.4,0.786,0.6,3.3,3.9,3.9,0.8,0.2,2.8,1.8,23.3
Pascal Siakam,28,71,71,2652,8.6,17.8,0.48,1.3,3.9,0.324,7.3,13.9,0.523,5,6.4,0.774,1.8,5.8,7.5,5.6,0.9,0.5,2.3,3.1,23.3
Christian Wood,7,67,17,1738,8.2,15.9,0.515,2.2,5.8,0.376,6,10.1,0.594,4.5,5.8,0.772,1.8,8.4,10.2,2.5,0.6,1.5,2.5,3.5,23.1
Jordan Clarkson,29,61,61,1988,8.3,18.7,0.444,2.8,8.3,0.338,5.5,10.4,0.53,3.6,4.4,0.816,1.3,3.2,4.5,4.9,0.6,0.2,3.4,2.2,23
Cam Thomas,3,57,4,948,7.6,17.3,0.441,1.9,5.1,0.383,5.7,12.3,0.464,5.7,6.6,0.868,0.3,3.3,3.6,3,0.8,0.3,2.4,2.1,22.9
Kelly Oubre Jr.,4,48,40,1548,8.2,19,0.431,2.5,7.9,0.319,5.7,11.2,0.51,3.7,4.8,0.76,1.5,4.3,5.8,1.3,1.6,0.4,1.5,3.3,22.6
Karl-Anthony Towns,18,29,29,957,8,16.1,0.495,2.3,6.2,0.366,5.7,9.9,0.576,4.4,5.1,0.874,1.8,7.1,8.9,5.3,0.8,0.6,3.2,4.2,22.6
Naz Reid,18,68,11,1251,8.9,16.6,0.537,2.2,6.2,0.346,6.8,10.4,0.653,2.5,3.7,0.677,2.1,7.5,9.6,2.2,1.2,1.5,2.6,5.1,22.5
Khris Middleton,17,33,19,801,8,18.2,0.436,2.3,7.3,0.315,5.7,11,0.516,4.1,4.6,0.902,1.3,5,6.3,7.3,1,0.2,3.2,3.1,22.3
Duane 30hington Jr.,24,31,3,394,8.6,23.4,0.367,3.7,10.1,0.36,4.9,13.2,0.372,1.5,2.2,0.667,0.2,3.1,3.3,5.8,0.5,0.4,3.1,2.1,22.3
Tyrese Haliburton,12,56,56,1883,7.9,16.1,0.49,3.1,7.7,0.4,4.8,8.4,0.572,3.3,3.8,0.871,0.6,3.3,3.9,11.2,1.7,0.5,2.7,1.3,22.2
Myles Turner,12,62,62,1825,7.9,14.5,0.548,1.8,4.9,0.373,6.1,9.5,0.638,4.3,5.4,0.783,1.7,7.5,9.2,1.8,0.7,2.8,2,4.2,22
Mac McClung,23,2,0,41,7.9,17.6,0.45,3.5,9.7,0.364,4.4,7.9,0.556,2.6,4.4,0.6,2.6,6.1,8.8,7.9,0,0,2.6,2.6,22
Darius Garland,6,69,69,2447,7.7,16.6,0.462,2.5,6.1,0.41,5.2,10.5,0.492,4.1,4.7,0.863,0.4,2.3,2.7,7.9,1.3,0.1,2.9,2.2,21.9
Jamal Murray,8,65,65,2133,8,17.6,0.454,2.9,7.3,0.398,5.1,10.3,0.494,3,3.6,0.833,0.8,3.5,4.3,6.8,1.1,0.3,2.4,1.7,21.9
Bones Hyland,13,56,1,1085,7.6,18.9,0.399,3.9,10.5,0.371,3.7,8.5,0.434,2.9,3.4,0.843,0.7,3.8,4.5,5.7,1.3,0.5,2.7,3.2,21.9
Kyle Kuzma,30,64,64,2239,8.2,18.4,0.448,2.6,7.7,0.333,5.7,10.6,0.533,2.8,3.8,0.73,0.9,6.6,7.4,3.8,0.6,0.5,3.1,2.3,21.8
Malik Monk,26,77,0,1719,7.5,16.7,0.448,3,8.3,0.359,4.5,8.3,0.538,3.9,4.3,0.889,0.7,3.6,4.3,6.2,1,0.4,3.1,2.6,21.8
Tyrese Maxey,23,60,41,2016,7.8,16.3,0.481,2.9,6.6,0.434,5,9.7,0.513,3.2,3.8,0.845,0.4,2.7,3.1,3.8,0.9,0.1,1.4,2.4,21.7
Anfernee Simons,25,62,62,2171,7.7,17.3,0.447,3.5,9.3,0.377,4.2,8,0.528,2.7,3,0.894,0.3,2.4,2.7,4.2,0.7,0.2,2.1,2.4,21.7
Michael 25ter Jr.,8,62,62,1798,8,16.4,0.487,3.8,9.1,0.414,4.2,7.3,0.579,1.9,2.4,0.8,1.3,5.5,6.8,1.3,0.7,0.6,1.4,2.4,21.6
Darius Days,11,4,0,25,7.2,17.3,0.417,4.3,14.4,0.3,2.9,2.9,1,2.9,2.9,1,1.4,7.2,8.6,1.4,0,1.4,0,2.9,21.6
Terry Rozier,4,63,63,2221,8,19.3,0.415,2.7,8.2,0.327,5.3,11.1,0.48,2.9,3.6,0.809,0.8,3.4,4.2,5.2,1.2,0.3,2.2,1.9,21.5
Cade Cunningham,9,12,12,400,8.4,20.2,0.415,1.5,5.5,0.279,6.8,14.7,0.466,3.2,3.9,0.837,1.1,5.6,6.7,6.5,0.9,0.6,3.5,3.1,21.5
Boban Marjanović,11,31,0,171,8.6,12.6,0.683,0,0.2,0,8.6,12.4,0.695,4.2,5.7,0.741,4.2,8.4,12.6,1.9,1.1,0.4,2.9,2.1,21.5
Collin Sexton,29,48,15,1145,7.5,14.7,0.506,1.5,3.8,0.393,5.9,10.9,0.546,5.1,6.3,0.819,1.2,2.1,3.3,4.3,0.8,0.2,2.7,3.5,21.5
Devin Vassell,27,38,32,1178,8,18.2,0.439,3.1,8.1,0.387,4.8,10.1,0.48,2.4,3.1,0.78,0.2,4.3,4.5,4.2,1.3,0.5,1.7,1.7,21.5
Ja8 Hardy,7,48,5,708,7.4,16.9,0.438,3.2,7.9,0.404,4.2,9,0.469,3.3,4,0.823,0.6,4,4.5,3.3,0.9,0.4,2.3,3.3,21.4
Deandre Ayton,24,67,67,2035,9.2,15.7,0.589,0.1,0.4,0.292,9.1,15.3,0.597,2.7,3.5,0.76,3,8.8,11.8,2,0.7,0.9,2.1,3.4,21.3
Paolo Banchero,22,72,72,2430,7.1,16.6,0.427,1.3,4.2,0.298,5.8,12.4,0.471,5.8,7.9,0.738,1.2,6.1,7.4,4,0.9,0.6,3,2.4,21.3
Jrue Holiday,17,67,65,2183,8.1,16.9,0.479,2.6,6.8,0.384,5.5,10.1,0.542,2.5,2.9,0.859,1.3,4.3,5.6,8.2,1.3,0.4,3.2,1.9,21.3
CJ McCollum,19,75,75,2649,8,18.3,0.437,2.9,7.4,0.389,5.1,10.9,0.469,2.5,3.2,0.769,0.7,3.7,4.5,5.8,1,0.5,2.5,2.1,21.3
Bam Adebayo,16,75,75,2598,8.3,15.4,0.54,0,0.2,0.083,8.3,15.3,0.545,4.5,5.6,0.806,2.5,7,9.5,3.3,1.2,0.8,2.6,2.9,21.2
Bennedict Mathurin,12,78,17,2222,6.7,15.4,0.434,1.6,5,0.323,5.1,10.4,0.488,6.1,7.4,0.828,1.4,3.7,5.2,1.9,0.8,0.2,2.5,2.6,21.1
Alec Burks,9,51,8,1122,6.4,14.7,0.436,3.2,7.7,0.414,3.2,7.1,0.459,4.9,6,0.814,0.6,4.5,5.1,3.7,1.2,0.3,1.9,3.1,20.9
RJ Barrett,20,73,73,2475,7.4,17.1,0.434,1.8,5.7,0.31,5.7,11.4,0.495,4.2,5.7,0.74,0.9,4.5,5.4,2.9,0.5,0.2,2.4,2.6,20.8
Brandon 2ton Jr.,13,22,1,248,7.4,17.7,0.418,1.7,4.2,0.414,5.7,13.5,0.419,4.2,5.5,0.763,1,3.3,4.4,2.9,1.3,0,1.7,3,20.8
Jerami Grant,25,63,63,2246,7,14.6,0.475,2.3,5.8,0.401,4.6,8.9,0.523,4.5,5.5,0.813,0.8,3.7,4.5,2.4,0.8,0.8,1.9,2.4,20.7
Tyler Herro,16,67,67,2337,7.5,17.1,0.439,3.1,8.3,0.378,4.4,8.8,0.497,2.6,2.8,0.934,0.4,5.1,5.5,4.3,0.8,0.2,2.4,1.6,20.7
Tony Bradley,5,12,0,33,6.5,13.1,0.5,3.3,5.5,0.6,3.3,7.6,0.429,4.4,4.4,1,1.1,10.9,12,1.1,1.1,1.1,1.1,2.2,20.7
L12ell Wigginton,17,7,1,87,7.4,15.3,0.486,2.5,7.4,0.333,5,7.9,0.632,3.3,3.7,0.889,0,2.9,2.9,5.8,0,0.8,5,2.9,20.7
Malcolm Brogdon,2,67,0,1744,7.3,15.1,0.484,2.7,6.1,0.444,4.6,9,0.51,3.3,3.8,0.87,0.9,4.9,5.8,5.1,0.9,0.4,2,2.3,20.6
Willy Hernangómez,19,38,2,458,7,13.3,0.527,0.2,0.9,0.273,6.8,12.4,0.544,6.4,8.2,0.779,4.6,9.6,14.1,2.6,1.3,1,3.1,5,20.6
James Har8,23,58,58,2135,6.3,14.2,0.441,2.7,7,0.385,3.5,7.1,0.495,5.3,6.1,0.867,0.7,5.3,6,10.4,1.2,0.5,3.3,1.9,20.5
Franz Wagner,22,80,80,2609,7.5,15.4,0.485,1.8,5,0.361,5.7,10.5,0.544,3.7,4.4,0.842,1,3.6,4.5,3.9,1.1,0.2,2.3,2.5,20.5
Jonas Valančiūnas,19,79,79,1968,8.2,14.9,0.547,0.7,2,0.349,7.5,12.9,0.577,3.4,4.1,0.826,4.1,10.6,14.7,2.6,0.4,1,2.9,4.5,20.4
Mikal Bridges,3,83,83,2963,7.2,15.4,0.468,2.1,5.4,0.382,5.2,10,0.514,3.8,4.3,0.895,1,3.5,4.4,3.3,1.1,0.7,1.5,1.9,20.3
Dejounte Murray,1,74,74,2693,8.2,17.6,0.464,1.8,5.2,0.344,6.4,12.5,0.514,2.1,2.5,0.832,0.7,4.5,5.2,6,1.5,0.3,2.1,1.4,20.3
Jarrell Brantley,29,4,0,39,7.4,12.9,0.571,3.7,8.3,0.444,3.7,4.6,0.8,1.8,1.8,1,0.9,4.6,5.5,2.8,0,1.8,1.8,2.8,20.3
Jaylen Nowell,18,65,2,1252,8.1,18,0.448,1.9,6.7,0.289,6.1,11.3,0.542,2.2,2.8,0.778,1,3.9,4.9,3.8,1.2,0.1,1.9,2.9,20.2
Kevin 25ter Jr.,11,59,59,2024,7,15.7,0.442,2.5,6.8,0.366,4.4,8.9,0.501,3.7,4.7,0.784,1.4,4.2,5.6,6,1.5,0.3,3.3,2.8,20.1
Malcolm Hill,5,5,0,9,8,16,0.5,4,12,0.333,4,4,1,0,0,0,0,12,12,0,0,0,0,4,20
Lester Quinones,10,4,0,18,4,10,0.4,4,8,0.5,0,2,0,8,12,0.667,2,4,6,4,2,0,10,0,20
Domantas Sabonis,26,79,79,2736,7.6,12.3,0.615,0.4,1.1,0.373,7.2,11.3,0.639,4.3,5.8,0.742,3.3,9.5,12.8,7.5,0.9,0.5,3,3.7,19.9
D'Angelo Russell,14,71,71,2304,7,14.8,0.469,3,7.7,0.396,3.9,7.2,0.548,2.8,3.4,0.829,0.5,2.8,3.4,6.8,1.1,0.5,2.9,2.2,19.7
Russell Westbrook,13,73,24,2126,7.3,16.8,0.436,1.5,4.8,0.311,5.8,11.9,0.487,3.5,5.3,0.656,1.5,5.7,7.2,9.3,1.3,0.6,4.3,2.7,19.6
Buddy Hield,12,80,73,2482,6.9,15.1,0.458,4.2,9.8,0.425,2.7,5.2,0.518,1.5,1.9,0.822,1,4.8,5.8,3.3,1.3,0.4,2,2.3,19.5
Bobby 25tis,17,70,22,1818,7.9,15.9,0.496,1.9,5.1,0.37,6,10.8,0.555,1.9,2.5,0.768,3,10.3,13.3,2.1,0.6,0.3,1.6,2.3,19.5
Gary Trent Jr.,28,66,44,2118,6.9,15.9,0.433,2.8,7.6,0.369,4.1,8.2,0.493,2.9,3.5,0.839,0.5,2.4,2.9,1.8,1.8,0.2,0.9,1.7,19.5
Cameron Johnson,3,42,41,1199,6.7,14.2,0.47,3.1,7.7,0.404,3.6,6.6,0.548,3,3.6,0.842,1,4.5,5.6,2.3,1.5,0.4,1.1,2.5,19.5
Moritz Wagner,22,57,18,1109,6.4,12.9,0.5,1.7,5.3,0.313,4.8,7.6,0.631,5,5.9,0.841,2.2,6.2,8.4,2.7,1.2,0.4,2.2,4.4,19.5
Aaron Gordon,8,68,68,2055,7.5,13.3,0.564,1.1,3,0.347,6.5,10.3,0.628,3.3,5.5,0.608,2.9,4.9,7.8,3.6,0.9,0.9,1.7,2.3,19.4
Patrick Baldwin Jr.,10,31,0,226,6.8,17.4,0.394,5.1,13.4,0.381,1.8,4,0.44,0.6,1,0.667,0.2,6.2,6.4,1.8,1,0.6,1.8,2.2,19.4
Thomas Bryant,8,59,26,1081,7.7,12.3,0.623,0.9,2,0.441,6.8,10.3,0.658,3.1,4.2,0.738,2.9,8.4,11.3,1,0.5,1,1.3,3.4,19.3
Jay Huff,30,7,0,95,5.7,9.5,0.6,2.3,4.5,0.5,3.4,4.9,0.692,5.7,6.1,0.938,2.3,5.7,8,3.8,1.1,1.5,1.9,5.7,19.3
Josh Giddey,21,76,76,2367,8.2,17,0.482,1.2,3.6,0.325,7,13.4,0.524,1.6,2.2,0.731,2.3,6.9,9.1,7.1,0.9,0.5,3.2,2.2,19.2
Talen Horton-Tucker,29,65,20,1313,7,16.8,0.419,1.6,5.6,0.286,5.5,11.2,0.485,3.5,4.6,0.75,1.1,4.6,5.8,6.7,1.1,0.8,3.5,3,19.1
Andrew Wiggins,10,37,37,1190,7.6,16,0.473,2.7,6.8,0.396,4.9,9.2,0.53,1.3,2.2,0.611,1.8,3.8,5.6,2.6,1.4,0.8,1.5,3.2,19.1
Fred VanVleet,28,69,69,2535,6.2,15.8,0.393,2.9,8.6,0.342,3.3,7.2,0.455,3.6,4,0.898,0.4,3.6,4,7,1.7,0.5,2,2.7,19
Nikola Vučević,5,82,82,2746,7.8,15.1,0.52,1.6,4.5,0.349,6.2,10.5,0.594,1.7,2.1,0.835,2.1,9.8,11.8,3.5,0.8,0.7,1.8,2.3,19
Moses Brown,3,36,1,294,7.5,11.8,0.635,0,0,0,7.5,11.8,0.635,4,8.8,0.458,7,10,17,0.5,0.5,1.7,1.8,4.8,19
Hamidou Diallo,9,56,0,996,7.8,13.6,0.573,0.2,0.8,0.238,7.6,12.8,0.593,3.1,5.3,0.588,2.1,5,7,2,1.9,0.6,2.6,4.5,18.9
JaVale McGee,7,42,7,355,8.1,12.7,0.64,0.2,0.5,0.4,7.9,12.2,0.65,2.4,4.2,0.585,3,7.8,10.9,1.1,0.4,2.6,3.7,5.5,18.9
Ja8 Ivey,9,74,73,2304,6.4,15.4,0.416,1.9,5.5,0.343,4.5,9.9,0.457,4.2,5.6,0.747,1.1,3.4,4.5,6,1,0.3,3.7,3.8,18.8
Brook Lopez,17,78,78,2373,7.2,13.6,0.531,2.1,5.5,0.374,5.2,8.1,0.637,2.3,2.9,0.784,2.4,5.5,7.9,1.5,0.6,2.9,1.6,3.1,18.8
A.J. Lawson,7,15,0,108,7.3,14.7,0.5,3.3,8.3,0.4,4,6.3,0.632,0.7,2.7,0.25,2,5,7,0.7,0.7,0,1,3.7,18.7
James Wiseman,9,45,22,867,7.8,14.1,0.558,0.2,0.8,0.2,7.7,13.2,0.58,2.8,4,0.701,3,8.1,11.1,1.2,0.3,1.1,2.1,4.5,18.7
Kevin Huerter,26,75,75,2203,6.9,14.2,0.485,3.3,8.3,0.402,3.5,5.8,0.604,1.6,2.1,0.725,0.7,3.4,4.1,3.6,1.3,0.4,1.6,3,18.6
Immanuel Quickley,20,81,21,2344,6.4,14.4,0.448,2.6,7,0.37,3.9,7.4,0.521,3.1,3.8,0.819,0.9,4.3,5.2,4.3,1.2,0.2,1.5,2.5,18.6
Julian Champagnie,27,17,3,320,6.6,14.6,0.454,3.7,9.2,0.402,2.9,5.4,0.542,1.6,1.9,0.824,1.1,5.6,6.8,1.1,0.7,0.6,1.2,2.9,18.6
Kendrick Nunn,30,70,2,964,7.1,16.8,0.424,3,8.3,0.354,4.2,8.5,0.493,1.3,1.5,0.854,0.6,3.5,4.1,3.4,1,0.3,2.5,2.5,18.5
Wendell Carter Jr.,22,57,54,1690,6.9,13.1,0.525,1.7,4.8,0.356,5.2,8.3,0.624,3.1,4.2,0.738,2.6,8,10.6,2.8,0.6,0.7,2.3,3.4,18.5
Edmond Sumner,3,53,12,736,6.1,13.2,0.461,1.5,4.3,0.356,4.5,8.9,0.511,4.8,5.3,0.917,0.6,3.2,3.9,3.3,1.5,0.5,2.4,4.1,18.5
Terence Davis,26,64,5,841,6.6,15.6,0.423,3.8,10.4,0.366,2.8,5.2,0.537,1.5,1.8,0.791,0.9,5.1,6,2.9,1.8,0.5,2.3,4.5,18.4
Alperen Şengün,11,75,72,2171,7.3,13.2,0.553,0.3,0.9,0.333,7,12.3,0.57,3.4,4.8,0.715,4,7.2,11.2,4.8,1.2,1.2,3.2,4.3,18.4
Brandon Clarke,15,56,8,1090,7.6,11.5,0.656,0,0.2,0.167,7.5,11.3,0.665,3.3,4.5,0.723,3,7.2,10.2,2.4,1.1,1.2,1.8,4.3,18.4
Kris Dunn,29,22,3,568,7.4,13.7,0.537,1.1,2.3,0.472,6.3,11.4,0.55,2.6,3.4,0.774,0.6,5.8,6.3,7.9,1.6,0.6,2.2,3.7,18.4
John Wall,13,34,3,755,6.6,16.1,0.408,1.6,5.2,0.303,5,10.9,0.459,3.7,5.4,0.681,0.7,3.7,4.4,8.5,1.3,0.6,3.8,2.8,18.4
Zach Collins,27,63,26,1441,7.1,13.7,0.518,1.4,3.7,0.374,5.7,10,0.571,2.7,3.5,0.761,2.9,7.1,10,4.5,0.9,1.2,3.2,5,18.3
Marvin Bagley III,9,42,25,990,7.3,13.9,0.529,0.7,2.4,0.288,6.7,11.5,0.579,2.9,3.9,0.75,3.4,6.4,9.8,1.3,0.7,1.1,1.7,2.9,18.3
7ano Banton,28,31,2,279,7.1,16.8,0.423,1.9,6.6,0.294,5.2,10.2,0.506,2.2,3.1,0.708,1.4,4.4,5.8,4.6,1.7,1.7,2.3,4.4,18.3
Cameron Payne,24,48,15,968,7,16.8,0.415,2.5,6.9,0.368,4.5,10,0.448,1.8,2.4,0.766,0.4,3.5,3.9,8,1.2,0.3,3,3.3,18.3
Lonnie Walker IV,14,56,32,1297,6.6,14.6,0.448,2.5,6.9,0.365,4,7.7,0.522,2.5,2.9,0.858,0.4,2.6,3,1.8,0.8,0.5,1.3,2,18.2
Cole Anthony,22,60,4,1552,6.4,14.1,0.454,1.7,4.8,0.364,4.7,9.4,0.5,3.5,3.9,0.894,1.1,5.6,6.7,5.5,0.9,0.7,2.1,3.7,18.1
Spencer Dinwiddie,3,79,79,2725,6.1,13.9,0.438,2.4,6.5,0.369,3.7,7.4,0.498,3.5,4.4,0.812,0.4,3.2,3.6,6.8,0.9,0.3,1.9,2.5,18.1
Jalen Smith,12,68,31,1279,6.8,14.3,0.476,1.5,5.4,0.283,5.3,8.9,0.593,2.9,3.9,0.759,3.6,7.5,11.1,1.9,0.6,1.7,2,4.3,18.1
Saddiq Bey,1,77,37,2129,6,14.1,0.422,2.6,7.1,0.361,3.4,7.1,0.483,3.5,4,0.861,1.7,4.5,6.1,2,1.2,0.2,1.2,2.1,18
Bogdan Bogdanović,1,54,9,1508,6.5,14.6,0.447,3.5,8.6,0.406,3,6,0.506,1.5,1.8,0.831,0.5,3.4,3.9,3.6,1,0.4,1.6,2.1,18
Jusuf Nurkić,25,52,52,1391,6.8,13.1,0.519,1.1,3.1,0.361,5.7,10,0.567,3.3,5,0.661,3,9.2,12.2,3.9,1.1,1.1,3.1,4.8,18
Jordan Schakel,30,2,0,6,6,12,0.5,6,6,1,0,6,0,0,0,0,0,0,0,6,6,0,0,6,18
Kemba Walker,7,9,1,144,6,14.2,0.421,1.7,7,0.25,4.2,7.2,0.586,4.2,5.2,0.81,0.7,3.2,4,4.7,0.5,0.5,1,2.7,18
Dylan W12ler,6,3,0,10,7.2,10.8,0.667,3.6,7.2,0.5,3.6,3.6,1,0,0,0,0,0,0,3.6,3.6,0,3.6,0,18
Doug McDermott,27,64,0,1314,6.5,14.3,0.457,3.4,8.2,0.413,3.2,6.2,0.516,1.5,1.9,0.757,0.7,3.2,3.8,2.5,0.4,0.2,1.6,3.2,17.9
Isaiah Joe,21,73,10,1395,5.8,13.1,0.441,4.2,10.2,0.409,1.6,2.9,0.553,2.1,2.6,0.82,0.7,3.8,4.5,2.3,1.2,0.2,1,2.7,17.8
Malik Beasley,14,81,27,2093,6.4,16.1,0.395,4,11.3,0.357,2.3,4.8,0.484,0.9,1.1,0.769,0.6,4.3,4.9,2.1,1.1,0.2,1.5,1.8,17.6
Kira Lewis Jr.,19,25,0,235,6.1,13.5,0.455,2.3,5.2,0.441,3.8,8.3,0.463,2.9,3.4,0.864,0.8,4.3,5.1,3.5,1.5,0.3,1.5,3.7,17.5
Skylar Mays,25,6,6,189,6.5,13,0.5,2.3,5,0.462,4.2,8,0.524,2.3,2.5,0.923,0.4,3.2,3.6,9.5,1.1,0.2,1.9,2.1,17.5
Rui Ha5mura,14,63,9,1466,7,14.3,0.486,1.3,3.9,0.319,5.7,10.4,0.55,2.2,2.9,0.739,1.3,5.6,6.9,1.4,0.5,0.6,1.3,1.8,17.4
De'Andre Hunter,1,67,67,2126,6.4,13.9,0.461,1.7,4.8,0.35,4.7,9.1,0.521,2.9,3.5,0.826,0.8,4,4.8,1.6,0.6,0.3,1.4,3.4,17.4
P.J. 30hington,4,73,73,2380,6.6,14.8,0.444,2.3,6.5,0.348,4.3,8.3,0.518,1.9,2.6,0.73,1.1,4.3,5.4,2.6,1,1.2,1.7,2.9,17.3
Jared Butler,21,6,1,77,7,15,0.469,3.3,6.5,0.5,3.7,8.4,0.444,0,0,0,0.5,1.4,1.9,3.7,2.3,0,2.3,2.3,17.3
Omer Yurtseven,16,9,0,83,6.9,11.7,0.593,1.3,3,0.429,5.6,8.7,0.65,2.2,2.6,0.833,3.5,6.5,10,0.9,0.9,0.9,1.7,6.9,17.3
Jonathan Ku18ga,10,67,16,1394,6.7,12.8,0.525,1.4,3.8,0.37,5.3,9.1,0.59,2.3,3.6,0.652,1.8,4.2,6,3.2,1.1,0.8,2.5,4.1,17.2
Nathan Knight,18,38,0,291,5.7,10,0.568,1,2.7,0.364,4.7,7.3,0.644,4.8,7.1,0.684,2.7,4.2,6.9,1.6,1.2,0.7,2.6,5.1,17.2
Josh 18ott,18,15,0,96,6.8,13.5,0.5,0.7,2.3,0.333,6,11.3,0.533,3,3,1,1.9,7.5,9.4,1.9,1.5,2.3,1.1,3.7,17.2
Svi Mykhailiuk,4,32,8,468,5.9,13.3,0.445,3.2,7.6,0.424,2.7,5.7,0.473,2,3,0.667,1.2,2.9,4.1,4.1,1.2,0.3,1.8,1.8,17.1
OG Anunoby,28,67,67,2386,6.4,13.4,0.476,2.1,5.5,0.387,4.2,7.8,0.539,2.1,2.5,0.838,1.4,3.6,5,2,1.9,0.8,2,3,17
Dillon Brooks,15,73,73,2214,6.4,16.1,0.396,2.3,7.1,0.326,4,9,0.451,2,2.5,0.779,0.7,3.2,4,3.1,1.1,0.3,1.7,3.9,17
Josh Christopher,11,64,2,786,7,15.1,0.465,1,4.1,0.236,6,11,0.55,2.1,2.7,0.75,0.9,2.3,3.3,3.3,1.5,0.7,2.7,2.7,17
Tim Hardaway Jr.,7,71,45,2152,5.7,14.2,0.401,3.5,9.2,0.385,2.1,5,0.431,2.1,2.8,0.77,0.4,3.8,4.2,2.2,0.8,0.2,1,2,17
Obi Toppin,20,67,5,1050,6.4,14.4,0.446,2.9,8.5,0.344,3.5,5.9,0.593,1.3,1.6,0.809,1,5.4,6.4,2.3,0.8,0.4,1.3,2.3,17
Ja8 Springer,23,16,2,89,6.9,14.2,0.486,0.8,2,0.4,6.1,12.1,0.5,2.4,3.2,0.75,2.4,3.2,5.7,3.2,2.8,1.2,1.2,6.1,17
Andre Drummond,5,67,0,849,7,11.6,0.606,0,0.1,0,7,11.5,0.613,2.8,5.3,0.536,5.9,13,18.8,1.4,1.9,1.1,3.2,5,16.9
Markelle Fultz,22,60,60,1778,7.1,13.7,0.514,0.5,1.8,0.31,6.5,12,0.544,2.3,2.9,0.783,1.4,3.3,4.7,6.9,1.8,0.5,2.8,2.7,16.9
Evan Mobley,6,79,79,2715,7,12.6,0.554,0.3,1.4,0.216,6.7,11.2,0.595,2.7,4,0.674,2.5,6.9,9.4,3,0.8,1.6,1.9,2.9,16.9
Trey Murphy III,19,79,65,2448,5.7,11.8,0.484,3,7.3,0.406,2.7,4.5,0.611,2.5,2.8,0.905,0.9,3.3,4.1,1.6,1.3,0.6,0.9,2.3,16.9
Jakob Poeltl,28,72,71,1906,7.3,11.7,0.629,0,0,0,7.3,11.7,0.63,2.2,3.8,0.592,4.5,7.9,12.3,3.7,1.2,1.6,2.4,3.7,16.9
Montrezl Harrell,23,57,7,681,6.6,11,0.598,0,0.3,0,6.6,10.7,0.616,3.7,5.3,0.693,3.5,4.9,8.4,1.7,0.9,1.3,1.9,4,16.9
Chris Boucher,28,76,0,1523,6.2,12.5,0.493,1.5,4.5,0.328,4.7,8,0.585,3,4,0.762,3.7,6.2,10,0.7,1.1,1.5,1,3.4,16.8
Jock Lan7e,24,69,4,979,6.5,12.4,0.528,0.8,3.1,0.25,5.8,9.3,0.621,2.9,3.9,0.752,4.4,5.9,10.3,2.5,0.6,1.1,2.2,4.6,16.8
5mezie Metu,26,66,0,689,6.7,11.4,0.589,0.5,2,0.237,6.3,9.5,0.663,2.8,3.8,0.74,2.5,7.9,10.3,2.1,1.1,1.1,1.7,4.2,16.8
Dewayne Dedmon,23,38,1,426,6.5,12.8,0.51,1,3.3,0.308,5.5,9.5,0.58,2.8,4.1,0.673,2.9,8.5,11.3,2.2,0.8,1.6,2.1,6.3,16.8
Mark Williams,4,43,17,828,7,10.9,0.637,0,0,0,7,10.9,0.637,2.9,4.2,0.691,4,9.2,13.2,0.8,1.2,2,1.7,4.1,16.8
Seth Curry,3,61,7,1211,6.2,13.3,0.463,2.8,6.9,0.405,3.4,6.5,0.525,1.5,1.6,0.927,0.4,2.6,3,2.9,1.1,0.2,1.5,2.9,16.7
Jalen Williams,21,75,62,2276,6.5,12.6,0.521,1.2,3.2,0.356,5.4,9.3,0.579,2.5,3,0.812,1.3,4,5.3,3.9,1.6,0.6,1.9,3,16.7
Gordon Hayward,4,50,50,1577,6.3,13.3,0.475,1.2,3.7,0.325,5.1,9.6,0.532,2.9,3.6,0.811,0.8,4.2,4.9,4.7,1,0.3,2.3,1.6,16.7
Harrison Barnes,26,82,82,2662,5.1,10.7,0.473,1.8,4.8,0.374,3.3,5.9,0.553,4.7,5.6,0.847,1.2,3.8,4.9,1.7,0.8,0.1,1.2,1.4,16.6
Micah Potter,29,7,0,52,6.9,10.4,0.667,2.8,4.8,0.571,4.2,5.5,0.75,0,0,0,2.1,9,11.1,2.8,0.7,0,1.4,3.5,16.6
RaiQuan Gray,3,1,0,35,6.2,12.3,0.5,2.1,5.1,0.4,4.1,7.2,0.571,2.1,2.1,1,3.1,6.2,9.3,7.2,0,1,4.1,5.1,16.5
JaMychal Green,10,57,1,797,6.1,11.4,0.54,1.9,5,0.378,4.2,6.4,0.667,2.3,3,0.776,3.3,6,9.3,2.3,1.1,1,2.3,4.7,16.5
T.J. Warren,3,42,0,687,6.9,14.1,0.489,1.2,3.5,0.328,5.8,10.6,0.542,1.5,1.8,0.8,1.4,5,6.3,2.1,1.2,0.6,1,3.4,16.5
AJ Griffin,1,72,12,1401,6.4,13.7,0.465,2.6,6.7,0.39,3.8,7,0.536,1.1,1.2,0.894,1,3,3.9,1.9,1.1,0.3,1.1,2.2,16.4
Jordan Nwora,12,62,14,1188,5.9,13.5,0.436,2.6,6.4,0.408,3.3,7.1,0.462,2.1,2.6,0.791,1.5,5.4,6.9,2.7,0.7,0.4,2,2.2,16.4
Keon Johnson,25,40,0,416,5.8,15.4,0.376,2.4,7,0.346,3.4,8.4,0.402,2.3,3.5,0.659,1,2.9,3.8,5.1,1.6,0.5,3.7,3.7,16.4
KJ Martin,11,82,49,2292,6.4,11.3,0.569,1.1,3.4,0.315,5.4,7.9,0.679,2.4,3.5,0.68,2,5.1,7.1,1.9,0.6,0.5,1.4,2.3,16.3
Austin Reaves,14,64,22,1843,5.1,9.6,0.529,1.7,4.2,0.398,3.4,5.4,0.631,4.5,5.2,0.864,0.6,3.1,3.8,4.2,0.6,0.4,1.9,2.1,16.3
Cody Zeller,16,15,2,217,6.1,9.8,0.627,0,0.3,0,6.1,9.5,0.649,4,5.8,0.686,4.1,6.5,10.6,1.7,0.5,0.7,2.3,5.5,16.3
Clint Capela,1,65,63,1730,7.3,11.2,0.653,0,0,0,7.3,11.1,0.654,1.6,2.7,0.603,5.4,9.6,14.9,1.2,0.9,1.6,1.1,2.9,16.2
Trey Lyles,26,74,0,1247,5.4,11.8,0.458,2.5,6.9,0.363,2.9,4.9,0.595,2.9,3.6,0.815,2,6.7,8.7,1.9,0.8,0.9,1.8,2.8,16.2
Derrick Rose,20,27,0,338,6.5,16.9,0.384,2,6.7,0.302,4.5,10.2,0.438,1.2,1.3,0.917,0.9,3.4,4.3,4.9,0.7,0.5,2.3,1.9,16.2
Dario Šarić,21,57,12,806,5.7,12.4,0.458,2,5.1,0.391,3.7,7.2,0.506,2.8,3.4,0.829,2.4,6.9,9.2,3.3,0.9,0.3,2.5,4.4,16.2
Daniel Theis,12,7,1,109,6.9,14.5,0.477,0.7,3.6,0.182,6.3,10.9,0.576,1.7,4,0.417,2.3,5,7.3,3,0.7,2,1,2.3,16.2
Luguentz Dort,21,74,73,2272,5.4,13.8,0.388,2.1,6.5,0.33,3.2,7.4,0.44,3.2,4.1,0.772,2,3.4,5.5,2.4,1.2,0.4,1.5,3.9,16.1
A.J. Green,17,35,1,345,5.5,13,0.424,4.6,11,0.419,0.9,2.1,0.45,0.4,0.4,1,0.6,4.1,4.7,2.3,0.6,0,0.9,3.2,16.1
Keita Bates-Diop,27,67,42,1452,5.9,11.5,0.508,1.4,3.5,0.394,4.5,8,0.557,3,3.7,0.793,1.6,4.5,6.1,2.6,1.1,0.5,1.4,1.6,16
Tobias Harris,23,74,74,2436,6.3,12.5,0.501,1.9,4.8,0.389,4.4,7.7,0.57,1.7,1.9,0.876,1,5.3,6.3,2.7,1,0.6,1.3,2.2,16
Shaedon Sharpe,25,80,15,1779,6.2,13.1,0.472,2.1,5.7,0.36,4.1,7.4,0.559,1.5,2.1,0.714,1.3,3.5,4.8,1.9,0.8,0.5,1.7,2.8,16
Precious A5uwa,28,55,12,1140,6.2,12.8,0.485,0.9,3.4,0.269,5.3,9.3,0.564,2.7,3.9,0.702,3.2,7.2,10.4,1.6,1,0.9,1.9,3.2,16
Jonathan Isaac,22,11,0,124,6.4,15.4,0.415,1.7,4.4,0.4,4.6,11,0.421,1.5,2.6,0.556,4.4,8.4,12.8,1.7,4.1,1.2,1.2,1.5,16
Braxton Key,9,3,0,9,4,4,1,0,0,0,4,4,1,8,8,1,0,4,4,0,0,0,0,0,16
Tre Jones,27,68,65,1984,6.2,13.5,0.459,0.8,2.9,0.285,5.4,10.6,0.506,2.7,3.1,0.86,1,3.4,4.4,8.1,1.6,0.2,2,1.8,15.9
Danny Green,6,11,0,138,5.7,12.8,0.449,4.2,9.7,0.432,1.6,3.1,0.5,0.3,0.3,1,0.8,2.9,3.7,1.6,1.6,0.8,2.6,4.2,15.9
Scottie Barnes,28,77,76,2678,6.2,13.7,0.456,0.8,3,0.281,5.4,10.6,0.505,2.6,3.3,0.772,2.4,4.5,6.9,5,1.1,0.8,2.1,2.3,15.8
Daniel Gafford,30,78,47,1604,6.5,8.9,0.732,0,0,0,6.5,8.9,0.732,2.9,4.2,0.679,3.7,6.1,9.7,1.9,0.7,2.2,1.9,4.2,15.8
Derrick White,2,82,70,2319,5.4,11.8,0.462,2.3,6.1,0.381,3.1,5.7,0.548,2.6,3,0.875,0.8,3.7,4.5,5,0.8,1.2,1.5,2.7,15.8
Scotty Pippen Jr.,14,6,0,32,4.5,13.5,0.333,1.1,3.4,0.333,3.4,10.1,0.333,5.6,10.1,0.556,2.3,2.3,4.5,2.3,2.3,1.1,2.3,3.4,15.8
Jarrett Allen,6,68,68,2220,6.5,10.2,0.644,0,0.2,0.1,6.5,10,0.653,2.6,3.6,0.733,3.6,7.2,10.8,1.8,0.9,1.4,1.5,2.5,15.7
John Collins,1,71,71,2130,6.1,11.9,0.508,1.2,4.1,0.292,4.9,7.9,0.619,2.4,3,0.803,1.3,6.5,7.8,1.4,0.7,1.2,1.3,3.7,15.7
Rudy Gobert,18,70,70,2148,6,9.2,0.659,0,0.1,0,6,9.1,0.663,3.7,5.7,0.644,3.9,9.8,13.6,1.5,0.9,1.6,2,3.5,15.7
Eric Gordon,13,69,58,1965,5.3,12,0.446,2.4,6.5,0.371,2.9,5.4,0.535,2.6,3.2,0.821,0.3,2.2,2.5,3.4,0.8,0.5,1.9,1.4,15.7
Isaiah Jackson,12,63,12,1042,6.2,11,0.563,0.1,0.5,0.143,6.1,10.5,0.582,3.3,5,0.651,3.9,5.8,9.7,1.8,1.1,3.2,1.8,5.3,15.7
Kevin Knox,25,63,5,952,5.7,12.6,0.458,2.5,7,0.349,3.3,5.5,0.596,1.7,2.3,0.767,1.3,5.4,6.7,1.2,0.9,0.5,1.9,3.6,15.7
Tre Mann,21,67,5,1183,6,15.2,0.393,2.5,7.8,0.315,3.5,7.4,0.475,1.3,1.7,0.764,0.8,3.9,4.7,3.7,1.2,0.3,1.9,3,15.7
Kelly Oly20,29,68,68,1942,5.2,10.3,0.499,1.7,4.4,0.394,3.4,6,0.576,3.7,4.3,0.853,1.5,6.3,7.8,4.7,1.1,0.7,3.1,4.3,15.7
Nick Richards,4,65,9,1217,5.8,9.3,0.629,0,0,1,5.8,9.2,0.628,4.1,5.4,0.749,4.3,8,12.3,1.1,0.3,2.1,1.7,4.6,15.7
Malaki Branham,27,66,32,1550,6.2,14.2,0.44,1.8,5.9,0.302,4.5,8.3,0.539,1.3,1.6,0.829,0.7,3.6,4.2,2.9,0.8,0.2,1.8,2.7,15.6
Cedi Osman,6,77,2,1548,5.6,12.3,0.451,2.7,7.3,0.372,2.9,5.1,0.564,1.7,2.5,0.694,0.6,3.5,4.1,2.7,0.8,0.3,1.2,2.8,15.6
Chris Paul,24,59,59,1889,5.6,12.7,0.44,1.9,5,0.375,3.7,7.8,0.482,2.5,3,0.831,0.5,4.3,4.8,10,1.7,0.4,2.2,2.4,15.6
Patty 17ls,3,40,2,567,5.5,13.3,0.411,3.1,8.5,0.366,2.3,4.8,0.493,1.6,1.9,0.833,0.5,2.3,2.8,3.6,1,0.2,1.9,2,15.6
Jay Scrubb,22,2,0,30,6,8.4,0.714,2.4,2.4,1,3.6,6,0.6,1.2,2.4,0.5,0,7.2,7.2,1.2,2.4,0,3.6,2.4,15.6
Tari Eason,11,82,5,1767,6,13.4,0.448,1.2,3.5,0.343,4.8,9.9,0.486,2.2,3,0.752,4,6.1,10.1,1.8,2,1,2.1,3.9,15.5
Eugene Omoruyi,9,40,6,645,5.6,12.7,0.443,1.4,5,0.281,4.2,7.8,0.547,2.8,4.2,0.68,2.4,3.8,6.2,1.6,1.6,0.2,1.9,5.1,15.5
Onyeka Okongwu,1,80,18,1849,6.2,9.7,0.638,0.1,0.3,0.308,6.1,9.4,0.647,3,3.8,0.781,4.2,7,11.2,1.6,1.1,2.1,1.6,4.9,15.4
Josh Richardson,19,65,10,1530,5.6,13,0.431,2.5,6.9,0.365,3.1,6.1,0.506,1.6,1.9,0.852,1,3.2,4.1,4.1,1.6,0.5,2,2.8,15.4
Simone Fontec5o,29,52,6,766,5.4,14.7,0.369,3,9,0.33,2.4,5.7,0.43,1.6,2.1,0.795,1.5,2.6,4,2,0.7,0.4,1.8,2.9,15.4
Luka Šamanić,29,7,4,161,5.8,12.7,0.456,1.8,6.9,0.258,4,5.8,0.692,2,2.9,0.692,0,6.7,6.7,3.4,1.3,0.4,2.2,3.8,15.4
Landry Shamet,24,40,9,807,5,13.4,0.377,3.3,8.9,0.377,1.7,4.5,0.376,2,2.3,0.882,0.5,2.5,3,4.1,1.2,0.2,1.6,2.7,15.4
Gabe York,12,3,0,56,5.1,13.5,0.381,3.9,11.6,0.333,1.3,1.9,0.667,1.3,1.3,1,0,3.9,3.9,3.2,1.3,0,0,3.2,15.4
Tyus Jones,15,80,22,1940,5.8,13.2,0.438,2.2,6,0.371,3.5,7.1,0.495,1.5,1.9,0.8,0.5,3.2,3.7,7.7,1.5,0.1,1.4,0.6,15.3
T.J. McConnell,12,75,6,1526,6.7,12.3,0.543,0.6,1.4,0.441,6.1,10.9,0.556,1.4,1.6,0.853,1.1,4.5,5.5,9.4,1.9,0.2,3.4,2.5,15.3
Sam Merrill,6,5,0,59,5.5,13.4,0.409,3.1,11,0.278,2.4,2.4,1,1.2,1.2,1,0,5.5,5.5,3.1,2.4,0,0,1.8,15.3
Bol Bol,22,70,33,1505,6.2,11.4,0.546,0.7,2.7,0.265,5.5,8.7,0.633,2,2.6,0.759,1.7,8,9.7,1.7,0.7,2,2.7,2.2,15.2
Nic Claxton,3,76,76,2271,6.6,9.3,0.705,0,0,0,6.6,9.3,0.708,2.1,3.9,0.541,2.9,8.2,11.1,2.3,1,3,1.5,3.4,15.2
Georges Niang,23,78,1,1512,5.3,12,0.442,3.7,9.1,0.401,1.6,2.8,0.576,0.9,1.1,0.867,0.5,4,4.4,1.8,0.7,0.3,1.3,3.5,15.2
Jeremy Sochan,27,56,53,1458,6.2,13.6,0.453,0.8,3.3,0.246,5.4,10.3,0.519,2,2.9,0.698,2.3,4.9,7.3,3.5,1.1,0.6,2.4,3.4,15.2
Jose Alvarado,19,61,10,1310,5.5,13.4,0.411,2.3,6.8,0.336,3.2,6.7,0.488,1.8,2.2,0.813,0.8,3.1,3.9,5.1,1.8,0.3,2.2,3.4,15.1
Goran Dragić,17,58,0,870,5.8,13.9,0.421,2.2,6,0.359,3.7,7.9,0.468,1.3,1.9,0.689,0.7,2.7,3.4,6.2,0.5,0.2,2.6,2.7,15.1
Reggie Jackson,8,68,40,1657,5.7,13.9,0.411,2.1,6.3,0.333,3.6,7.6,0.474,1.5,1.7,0.91,0.5,2.6,3.1,5.1,1,0.1,2.5,2.5,15.1
Mo Bamba,14,49,7,769,5.5,11.3,0.485,2.2,5.8,0.387,3.2,5.5,0.59,1.9,2.9,0.661,2.7,7.8,10.5,2.2,0.6,2,1.4,4.9,15.1
Dāvis Bertāns,7,45,1,492,5,11.7,0.431,4,10.3,0.39,1,1.4,0.737,1,1.1,0.867,0.7,3.1,3.9,1.5,0.8,0.6,0.7,3.9,15.1
Payton Pritchard,2,48,3,643,5.7,13.7,0.412,3.1,8.6,0.364,2.5,5.1,0.495,0.7,0.9,0.75,1.4,3.5,4.9,3.6,0.8,0.1,2.2,2.1,15.1
Jalen Suggs,22,53,19,1246,5.4,12.8,0.419,1.9,5.8,0.327,3.5,7,0.496,2.5,3.4,0.723,1.6,3.1,4.7,4.5,1.9,0.8,2.7,3.5,15.1
Mason Plumlee,13,79,60,2054,5.8,8.5,0.68,0,0,0,5.8,8.5,0.68,3.5,5.5,0.636,4,8.3,12.3,4.3,0.8,0.8,2.1,3.8,15
8nis Schröder,14,66,50,1986,4.9,11.8,0.415,1.3,4.1,0.329,3.6,7.7,0.461,3.9,4.6,0.857,0.4,2.6,3,5.4,0.9,0.2,2,2.6,15
Ron Harper Jr.,28,9,0,48,6,12,0.5,2.3,6.8,0.333,3.7,5.2,0.714,0.7,0.7,1,2.3,3,5.2,3,0,0.7,0,2.3,15
Jae'Sean Tate,11,31,7,677,5.8,12.2,0.48,0.7,2.4,0.283,5.2,9.7,0.53,2.7,3.7,0.725,2.2,4.1,6.3,4.5,1.1,0.4,2.5,5.6,15
Jeenathan Williams,25,5,4,127,6.8,11.1,0.615,0.9,2.3,0.375,6,8.8,0.677,0.6,0.9,0.667,2.8,1.4,4.3,2.8,0.9,0.6,1.1,3.7,15
Santi Aldama,15,77,20,1682,5.3,11.2,0.47,2,5.7,0.353,3.3,5.5,0.591,2.3,3.1,0.75,1.8,6.1,7.9,2.1,1,1,1.3,3.1,14.9
Luke Kennard,15,59,14,1315,5.1,10.5,0.492,3.6,7.4,0.494,1.5,3.1,0.487,1,1.1,0.949,0.4,3.9,4.3,2.5,0.9,0.1,1.3,2.2,14.9
Coby White,5,74,2,1730,5.5,12.4,0.443,2.7,7.2,0.372,2.8,5.2,0.54,1.3,1.5,0.871,0.3,4.1,4.4,4.2,1.1,0.1,1.5,2.5,14.9
Quenton Jackson,30,9,0,135,5.1,11.2,0.452,0.3,3.2,0.083,4.8,8,0.6,4.5,5.9,0.773,0.5,1.6,2.1,4,1.1,0.3,1.1,2.7,14.9
Taurean Prince,18,54,4,1192,5.3,11.4,0.467,2.2,5.9,0.381,3.1,5.6,0.557,2,2.3,0.844,0.5,3.5,4,2.5,0.8,0.5,2.1,3.7,14.9
Nee16s Queta,26,5,0,29,7.4,11.2,0.667,0,0,0,7.4,11.2,0.667,0,2.5,0,6.2,7.4,13.7,1.2,0,2.5,1.2,8.7,14.9
Nickeil Alexander-Walker,18,59,3,884,5.3,12,0.444,2.5,6.5,0.384,2.9,5.5,0.515,1.6,2.4,0.667,0.6,3.5,4.1,4.4,1.3,0.9,2.2,3.6,14.8
Kevin Love,16,62,20,1240,4.8,12.3,0.389,2.9,8.6,0.334,1.9,3.7,0.516,2.3,2.6,0.879,1.7,9.9,11.6,3.4,0.5,0.3,2,2.8,14.8
Keegan Murray,26,80,78,2382,5.4,11.8,0.453,3.1,7.6,0.411,2.2,4.2,0.527,0.9,1.2,0.765,1.3,4.3,5.6,1.5,0.9,0.6,0.9,2.4,14.8
Jabari Smith Jr.,11,79,79,2451,5.3,13.1,0.408,1.8,5.7,0.307,3.6,7.4,0.487,2.4,3,0.786,1.8,6.6,8.4,1.5,0.6,1.1,1.5,3.3,14.8
Day'Ron Sharpe,3,48,3,552,6.1,11.2,0.544,0.4,0.7,0.545,5.7,10.4,0.544,2.3,3.6,0.636,6.5,6.6,13,2.4,1,2.1,2.7,5.8,14.8
Jamal Cain,16,18,0,240,5.5,9.9,0.561,1,3,0.35,4.5,6.9,0.652,2.5,3.3,0.773,2.3,5.5,7.8,1.8,1.6,0.1,0.9,3.2,14.7
Bruce Brown,8,80,31,2280,5.7,11.7,0.483,1.4,4,0.358,4.2,7.7,0.548,1.8,2.4,0.758,1,4.2,5.2,4.2,1.4,0.8,1.9,3,14.6
Shake 17ton,23,76,11,1567,5.5,11.6,0.479,1.3,3.4,0.378,4.3,8.2,0.521,2.3,2.7,0.853,0.9,3.5,4.4,5.5,0.6,0.3,2.2,2.8,14.6
Mike Muscala,21,63,9,945,5,11.1,0.449,3.1,7.9,0.391,1.9,3.2,0.588,1.5,2,0.769,1.4,6.3,7.7,1.9,0.6,0.9,0.9,3.7,14.6
Aaron Nesmith,12,73,60,1816,5,11.7,0.427,2.3,6.2,0.366,2.7,5.5,0.496,2.4,2.8,0.838,1.2,4.3,5.5,1.9,1.1,0.7,1.5,4.7,14.6
Max Strus,16,80,33,2272,5.1,12.5,0.41,3.1,8.9,0.35,2,3.6,0.559,1.2,1.4,0.876,0.8,3.3,4.1,2.7,0.7,0.2,1.1,2.6,14.6
Saben Lee,24,25,1,373,4.7,11.7,0.405,1.1,2.9,0.367,3.7,8.8,0.418,4.1,5.5,0.737,1.3,3.1,4.3,6.5,1.8,0.1,2.3,3.1,14.6
Vic28 Oladipo,16,42,2,1106,5.2,13.1,0.397,2.3,6.9,0.33,2.9,6.2,0.471,1.9,2.6,0.747,0.5,3.6,4.2,4.8,1.9,0.4,2.8,3.2,14.6
Devonte' Graham,14,73,8,1338,4.3,11.6,0.374,3.2,9.1,0.352,1.1,2.5,0.452,2.6,3.5,0.748,0.5,2.8,3.3,5.3,1.2,0.4,1.4,2.1,14.5
Chris Duarte,12,46,12,897,4.9,13.4,0.369,2.2,7,0.316,2.7,6.4,0.428,2.4,2.9,0.847,0.8,3.9,4.6,2.6,1,0.4,1.6,2.6,14.5
R.J. Hampton,22,47,3,750,4.9,11.4,0.43,2,5.6,0.353,2.9,5.8,0.504,2.7,3.6,0.75,0.9,3.3,4.2,2.6,1.3,0.4,2,2.4,14.5
Nikola Jović,16,15,8,204,4.9,12.2,0.406,1.4,6.2,0.229,3.5,6,0.588,3.2,3.4,0.947,1.6,3.9,5.5,1.8,1.2,0.4,1.8,3.4,14.5
L12y Waters III,21,41,0,531,4.7,12.1,0.393,3.9,11,0.358,0.8,1.1,0.75,1.1,1.4,0.8,1.1,4,5.1,1.9,0.9,0.7,0.7,2.8,14.5
Peyton Watson,8,23,2,186,5.6,11.4,0.492,1.2,2.7,0.429,4.5,8.7,0.511,2.1,3.9,0.55,1.5,5.6,7.2,2.1,0.4,2.1,1.5,2.7,14.5
Walker Kessler,29,74,40,1703,6.3,8.8,0.72,0,0.1,0.333,6.3,8.7,0.723,1.7,3.4,0.516,4.9,8.2,13.1,1.5,0.5,3.7,1.2,3.6,14.4
Damion Lee,24,74,5,1506,4.8,10.8,0.442,2.6,5.9,0.445,2.2,4.9,0.439,2.2,2.5,0.904,0.9,4.4,5.4,2.4,0.7,0.2,1.9,2.8,14.4
Caris LeVert,6,74,30,2237,5.1,11.9,0.431,2,5.2,0.392,3.1,6.7,0.462,2.1,2.9,0.722,0.9,3.7,4.5,4.6,1.2,0.4,1.9,2.7,14.4
Marcus Morris,13,65,65,1825,5.4,12.7,0.426,2.2,6.1,0.364,3.2,6.6,0.484,1.3,1.7,0.782,0.6,4.5,5.1,2.2,0.8,0.4,1.1,2.7,14.4
Jeff Green,8,56,4,1091,5.3,10.8,0.488,1,3.4,0.288,4.3,7.4,0.58,2.9,3.9,0.744,1.3,3.5,4.8,2.3,0.6,0.6,1.5,3.3,14.4
Isaiah Stewart,9,50,47,1414,5,11.2,0.442,1.7,5.2,0.327,3.3,6,0.542,2.8,3.8,0.738,2.9,7.3,10.3,1.8,0.5,0.9,1.7,3.4,14.4
Sam Hauser,2,80,8,1290,5,11.1,0.455,3.9,9.3,0.418,1.1,1.7,0.656,0.3,0.5,0.706,1,4.7,5.7,2,0.8,0.6,0.8,2.8,14.3
Furkan Korkmaz,23,37,0,353,4.9,11.3,0.432,1.8,4.7,0.391,3.1,6.6,0.462,2.7,3.7,0.722,0.6,3.7,4.3,2.2,1,0.3,2.4,1.8,14.3
Sandro Mamukelashvili,30,43,7,660,5.3,12.5,0.422,1.6,5.4,0.303,3.7,7.1,0.511,2.1,3.1,0.684,3.8,6.3,10.1,3.4,0.8,0.7,1.9,2.8,14.3
7en Terry,5,38,0,214,5.4,12.1,0.444,1.2,4.5,0.259,4.2,7.6,0.556,2.4,3.5,0.667,2,4.2,6.2,3.7,1.9,0.8,1.3,4,14.3
Mike Conley,30,67,66,2029,4.6,10.8,0.428,2.4,6.2,0.385,2.2,4.6,0.486,2.5,3,0.834,0.6,2.6,3.2,8,1.3,0.2,1.8,2.5,14.2
Ja8 McDaniels,18,79,79,2416,5.5,10.7,0.517,1.6,4,0.398,3.9,6.7,0.588,1.6,2.1,0.736,1.4,3.2,4.6,2.2,1.1,1.1,1.7,4.1,14.2
Jalen McDaniels,18,80,24,1913,5.3,11.6,0.455,1.4,4.4,0.332,3.8,7.2,0.53,2.2,2.6,0.841,1.2,5.3,6.5,2.4,1.6,0.6,1.8,3.9,14.2
Aleksej Pokusevski,21,34,25,701,5.5,12.8,0.434,2,5.3,0.365,3.6,7.4,0.483,1.1,1.8,0.629,2.3,5.9,8.2,3.3,1,2.2,2.2,3,14.2
Matt Ryan,14,34,0,310,4.6,12.5,0.37,3.7,9.8,0.381,0.9,2.8,0.333,1.2,1.4,0.833,0.5,2.6,3,1.9,0.6,0.1,0.8,3.1,14.2
Corey Kispert,30,74,45,2093,5,10.1,0.497,2.8,6.6,0.424,2.2,3.5,0.637,1.3,1.5,0.852,0.6,3,3.6,1.5,0.6,0.2,0.9,1.7,14.1
Josh Okogie,24,72,26,1350,4.3,11,0.391,1.8,5.3,0.335,2.6,5.8,0.442,3.7,5.1,0.724,2.9,3.8,6.7,2.8,1.5,0.9,1.7,3,14.1
Terrence Ross,24,63,9,1330,5.4,12.6,0.43,2.6,7,0.368,2.8,5.6,0.507,0.7,0.9,0.794,0.6,3.6,4.2,2.6,0.9,0.3,1.2,2.6,14.1
Charles Bassey,27,35,2,508,6.2,9.6,0.644,0.2,0.6,0.375,6,9,0.661,1.6,2.6,0.595,5.3,8.4,13.7,3.3,1.1,2.3,2.9,5.2,14.1
Cam Reddish,20,40,20,990,5.1,11.3,0.446,1.6,5.2,0.313,3.4,6.1,0.56,2.3,2.7,0.853,0.7,2.5,3.2,2.1,1.4,0.5,1.7,2.6,14.1
Naji Marshall,19,77,21,1792,5,11.5,0.433,1.3,4.4,0.303,3.6,7.1,0.513,2.8,3.5,0.789,1,4.6,5.6,3.8,1.1,0.3,1.9,2.3,14
Trendon Watford,25,62,12,1182,5.5,9.8,0.56,0.8,1.9,0.391,4.8,7.9,0.602,2.2,3,0.72,1.3,6,7.2,4,1,0.4,2.2,3.6,14
Duncan Robinson,16,42,1,691,4.6,12.3,0.371,3.3,10,0.328,1.3,2.3,0.556,1.5,1.7,0.906,0.4,3.2,3.6,2.4,0.7,0,1.5,4,14
Ochai Agbaji,29,59,22,1209,4.9,11.5,0.427,2.4,6.8,0.355,2.5,4.7,0.532,1.7,2.1,0.812,1.3,2.3,3.6,2,0.5,0.4,1.2,2.9,13.9
Michael Carter-Williams,22,4,0,44,4.9,11.5,0.429,0.8,2.5,0.333,4.1,9,0.455,3.3,5.7,0.571,0.8,3.3,4.1,5.7,0.8,0.8,3.3,4.1,13.9
Johnny Davis,30,28,5,423,5.6,14.6,0.386,1.4,6,0.243,4.2,8.6,0.485,1.2,2.3,0.519,0.9,4.7,5.5,2.4,0.9,0.7,1.4,4.1,13.9
Jaxson Hayes,19,47,2,610,5.1,9.2,0.551,0.2,1.7,0.103,4.9,7.5,0.654,3.4,4.9,0.699,2.3,5.5,7.8,2,1.2,1.1,1.8,4,13.8
Grayson Allen,17,72,70,1972,4.5,10.2,0.44,2.7,6.7,0.399,1.8,3.5,0.518,2.1,2.3,0.905,1.1,3.2,4.3,3,1.1,0.3,1.3,2.1,13.7
Terance Mann,13,81,36,1872,5.2,10.1,0.519,1.5,3.8,0.389,3.7,6.3,0.598,1.8,2.3,0.78,1.5,3.8,5.3,3.5,0.8,0.4,1.5,2.9,13.7
Paul Reed,23,69,2,755,5.9,10,0.593,0,0.3,0.167,5.9,9.7,0.606,1.8,2.4,0.745,5.3,7.2,12.5,1.3,2.2,2.4,2.1,5.9,13.7
Will Barton,8,56,2,993,5,13.2,0.379,2.4,6.5,0.367,2.6,6.7,0.391,1.3,1.7,0.787,0.5,4.4,5,4.1,1,0.5,1.7,2,13.7
MarJon Beauchamp,17,52,11,701,4.9,12.5,0.395,2.4,7.3,0.331,2.5,5.2,0.485,1.4,1.9,0.73,2,4,5.9,1.8,1.1,0.4,2.3,3.6,13.7
Udonis Haslem,16,7,1,71,5.1,14.7,0.345,1.5,4.6,0.333,3.5,10.1,0.35,2,2.5,0.8,2,3.5,5.6,0,0.5,1,0.5,5.6,13.7
Zeke Nnaji,8,53,5,728,5.4,9.7,0.561,0.8,3.2,0.262,4.6,6.5,0.71,2,3.1,0.645,3.2,3.6,6.8,0.9,0.8,1.1,1.5,5.2,13.7
Quentin Grimes,20,71,66,2121,4.8,10.2,0.468,2.7,6.9,0.386,2.1,3.3,0.641,1.3,1.7,0.796,0.8,3.1,3.9,2.5,0.8,0.4,1.2,3,13.6
Jalen Johnson,1,70,6,1042,5.5,11.1,0.491,1,3.6,0.288,4.4,7.5,0.587,1.7,2.7,0.628,1.8,8,9.7,2.9,1.3,1.2,1.4,3.9,13.6
Ivica Zubac,13,76,76,2170,5.4,8.5,0.634,0,0,0,5.4,8.5,0.637,2.8,3.9,0.697,3.9,8.6,12.5,1.3,0.5,1.6,1.9,3.6,13.6
Bruno Fernando,2,39,4,405,5.2,10,0.527,0,0.4,0,5.2,9.6,0.546,3.1,4.4,0.7,4.8,7.4,12.2,2.8,0.5,3,2.2,6.6,13.6
Ty Jerome,10,45,2,816,5.2,10.7,0.488,1.5,4,0.389,3.7,6.7,0.546,1.7,1.8,0.927,0.3,3.1,3.4,6,1,0.2,1.3,2.8,13.6
Frank Ka18sky,18,36,0,235,4.7,9.7,0.492,2,5.1,0.394,2.8,4.6,0.6,2.1,2.5,0.875,1.1,6.9,8,4.9,0.9,0.6,1.4,3.4,13.6
Meyers Leonard,17,9,2,114,4.4,9.2,0.483,2.2,5.7,0.389,2.2,3.5,0.636,2.5,2.8,0.889,3.8,6.9,10.7,0.3,0.6,0,1.9,5.1,13.6
Monte Morris,30,62,61,1695,5.2,10.9,0.48,1.7,4.3,0.382,3.6,6.6,0.543,1.4,1.6,0.831,0.6,3.9,4.5,6.9,0.9,0.3,1.3,1.6,13.5
Johnny Juzang,29,18,0,232,5.4,16.1,0.337,2.3,9.8,0.238,3.1,6.4,0.488,0.3,0.6,0.5,1.2,4.8,6.1,1.2,0.6,0.5,0.5,2,13.5
Trevor Keels,20,3,0,8,4.5,18,0.25,4.5,18,0.25,0,0,0,0,0,0,0,9,9,0,0,0,0,0,13.5
Robin Lopez,6,37,2,299,5.8,9,0.64,0.2,0.5,0.5,5.5,8.5,0.648,1.7,2.2,0.778,2.8,3.4,6.1,2.3,0.2,1,3,5.2,13.5
Garrison Mathews,7,54,0,686,3.8,10.5,0.363,3.3,9.4,0.35,0.5,1.1,0.476,2.5,2.8,0.906,0.6,3.3,3.8,1.4,1.3,0.3,1,3.3,13.5
Ziaire Williams,15,37,4,561,5.4,12.6,0.429,1.6,6.2,0.258,3.8,6.4,0.596,1.1,1.4,0.773,1,4,5.1,2.2,0.9,0.4,2.4,3.7,13.5
James Bouknight,4,34,0,515,4.8,13.5,0.358,2.3,7.6,0.303,2.5,5.9,0.429,1.4,2.1,0.667,0.6,4.5,5,2.9,1,0.3,2.2,3.4,13.4
David Duke Jr.,3,23,0,228,5.7,12.3,0.462,0.2,1.9,0.083,5.5,10.4,0.53,1.9,2.7,0.706,1.7,2.8,4.6,3.3,1.6,0.2,2.8,4.9,13.4
Richaun Holmes,26,42,1,348,5.7,9.2,0.618,0.5,0.8,0.625,5.2,8.4,0.617,1.6,2,0.789,3,5.3,8.3,0.9,0.3,1.1,1.4,5.2,13.4
Stanley Johnson,27,30,0,469,5,9.4,0.533,1.4,3.1,0.45,3.6,6.3,0.573,2,3,0.667,1.7,5.6,7.3,5.1,1.2,0.5,2.5,3.7,13.4
Markieff Morris,9,35,2,355,4.8,11.7,0.409,2.8,7.2,0.394,1.9,4.5,0.432,1,1,1,1.3,5.9,7.2,3.1,0.9,0.5,1.8,4.9,13.4
Ryan Rollins,10,12,0,62,4.1,11.6,0.35,1.7,5.2,0.333,2.3,6.4,0.364,3.5,3.5,1,1.7,5.2,7,3.5,0.6,0.6,9.3,5.8,13.4
Moses Moody,10,63,3,817,4.8,10,0.476,2.2,5.9,0.363,2.6,4.1,0.641,1.6,2.3,0.698,1.2,3.4,4.6,2.2,0.8,0.3,1.5,2.4,13.3
David Roddy,15,70,4,1258,5.2,12,0.429,1.9,6.1,0.307,3.3,6,0.553,1.2,1.9,0.631,1.4,4.1,5.5,1.7,0.8,0.5,1.6,3.1,13.3
Aaron Wiggins,21,70,14,1297,5.2,10.1,0.512,1.3,3.4,0.393,3.8,6.7,0.573,1.6,2,0.831,1.9,3.9,5.8,2.2,1.1,0.4,1.5,3.1,13.3
Robert Covington,13,48,0,779,4.7,10.6,0.445,2.5,6.3,0.397,2.2,4.3,0.516,1.4,1.8,0.75,1.4,6.2,7.7,2.6,1.8,1.5,1.5,4,13.3
Isaiah Mobley,6,12,0,84,5.1,12,0.429,1.3,3.4,0.375,3.9,8.6,0.45,1.7,1.7,1,1.7,6.9,8.6,1.3,1.7,1.3,0.4,3.4,13.3
Oshae Brissett,12,65,2,1083,4.1,10.6,0.386,1.6,5.2,0.31,2.5,5.5,0.457,3.5,4.8,0.717,2.1,5.2,7.2,1.5,1.1,0.4,1.1,2.6,13.2
Jalen Duren,9,67,31,1670,5.6,8.6,0.648,0,0,0,5.6,8.5,0.652,2.1,3.4,0.611,4.9,7.9,12.8,1.6,0.9,1.3,2,3.9,13.2
Jordan Goodwin,30,62,7,1106,5.1,11.5,0.448,1.2,3.8,0.322,3.9,7.6,0.511,1.7,2.2,0.768,1.9,4.8,6.7,5.5,1.9,0.8,1.9,3.1,13.2
Joe Harris,3,74,33,1527,4.7,10.4,0.457,3.3,7.9,0.426,1.4,2.5,0.551,0.4,0.7,0.643,0.5,3.3,3.9,2.4,0.8,0.3,1,3.3,13.2
Goga Bitadze,5,38,1,457,5.4,9.8,0.552,0.5,2,0.231,5,7.8,0.636,1.8,3.3,0.548,4.8,6,10.8,3.1,1.3,2,1.7,5,13.2
Shaquille Harrison,25,5,0,120,4.5,10.8,0.417,0.9,3,0.3,3.6,7.8,0.462,3.3,4.5,0.733,0.3,6.3,6.6,9,3.3,0.6,1.8,3.6,13.2
Nassir Little,25,54,4,976,4.9,11.2,0.442,2.1,5.8,0.367,2.8,5.3,0.524,1.2,1.7,0.717,1,4.2,5.2,1.8,0.7,0.7,1.3,2.4,13.2
Wenyen Gabriel,14,68,2,1024,5.4,9.1,0.596,0.4,1.3,0.278,5.1,7.9,0.647,1.8,3,0.619,4.1,6,10.1,1.3,0.9,1.2,1.6,5.1,13.1
Killian Hayes,9,76,56,2154,5.1,13.6,0.377,1.3,4.8,0.28,3.8,8.8,0.429,1.5,1.9,0.821,0.5,3.2,3.7,7.9,1.7,0.5,2.9,3.7,13.1
De'Anthony Melton,23,77,58,2150,4.6,10.9,0.425,2.6,6.7,0.39,2,4.2,0.484,1.2,1.5,0.793,1.2,4.1,5.2,3.3,2.1,0.7,1.7,3.2,13.1
Xavier Tillman Sr.,15,61,29,1180,5.7,9.3,0.614,0.1,0.5,0.267,5.6,8.9,0.632,1.5,2.7,0.551,3.7,5.7,9.4,2.9,1.8,0.9,1.3,3,13.1
Gabe Vincent,16,68,34,1759,4.7,11.6,0.402,2.4,7.2,0.334,2.3,4.4,0.512,1.4,1.6,0.872,0.6,2.4,3,3.4,1.3,0.1,1.9,3.2,13.1
Darius Bazley,7,43,1,616,4.9,10.7,0.454,1.2,3.1,0.377,3.7,7.6,0.485,2.2,4.1,0.543,2,6.1,8.1,2.2,1.3,2,1.6,2.6,13.1
Jae Crowder,17,18,3,340,4.8,10,0.479,2.5,5.8,0.436,2.2,4.1,0.538,1.1,1.3,0.833,1.8,5.5,7.3,2.9,1.3,0.6,0.7,2.9,13.1
Isaiah Roby,27,42,2,474,5.1,11.8,0.432,1.4,4.6,0.3,3.7,7.2,0.516,1.5,3.1,0.488,1.6,6.5,8.1,2.9,1.4,0.5,2.4,4,13.1
Jevon Carter,17,81,39,1810,4.8,11.2,0.423,2.8,6.7,0.421,1.9,4.5,0.425,0.6,0.8,0.816,0.7,3.3,4,3.9,1.3,0.6,1.6,3.1,12.9
Donte DiVincenzo,10,72,36,1894,4.5,10.3,0.435,2.9,7.2,0.397,1.6,3.1,0.525,1.1,1.3,0.817,1.5,4.7,6.2,4.8,1.8,0.2,2.1,2.5,12.9
Derrick Jones Jr.,5,64,0,893,4.6,9.3,0.5,1.1,3.2,0.338,3.5,6,0.587,2.5,3.4,0.738,2.4,3.7,6.2,1.4,1.2,1.5,1,3.5,12.9
Marcus Smart,2,61,61,1957,4.6,11.1,0.415,2.1,6.3,0.336,2.5,4.8,0.519,1.6,2.2,0.746,0.8,2.7,3.5,7,1.7,0.4,2.6,3.2,12.9
Patrick Williams,5,82,65,2323,4.9,10.5,0.464,1.8,4.3,0.415,3.1,6.2,0.498,1.4,1.6,0.857,1.2,3.9,5.1,1.5,1.1,1.1,1.6,2.3,12.9
Evan Fournier,20,27,7,459,4.4,13,0.337,2.7,8.9,0.307,1.6,4.1,0.404,1.4,1.6,0.857,0.3,3.5,3.8,2.8,1.3,0.2,1.7,3.6,12.9
Rudy Gay,29,56,0,816,4.8,12.7,0.38,1.5,5.7,0.254,3.4,6.9,0.484,1.9,2.2,0.857,1.5,5.7,7.2,2.5,0.8,0.8,1.6,3,12.9
Carlik Jones,5,7,0,56,3.9,9.6,0.4,1.9,3.9,0.5,1.9,5.8,0.333,3.2,5.1,0.625,0.6,2.6,3.2,3.9,1.3,0,1.3,1.3,12.9
Kyle Lowry,16,55,44,1718,4.1,10.2,0.404,2.2,6.5,0.345,1.9,3.7,0.509,2.4,2.8,0.859,0.9,3.8,4.7,5.9,1.2,0.4,2.2,3,12.9
Jere16h Robinson-Earl,21,43,20,814,4.9,11,0.444,1.6,4.9,0.333,3.2,6.1,0.533,1.5,1.9,0.833,3.1,4.8,8,1.9,1.1,0.5,0.8,3.1,12.9
Josh Green,7,60,21,1539,4.8,8.9,0.537,1.6,4,0.402,3.2,5,0.643,1.6,2.2,0.723,1.3,3,4.3,2.4,1,0.1,1.7,3.6,12.8
Mala5 Flynn,28,53,2,691,4.5,12.6,0.36,2.4,6.9,0.353,2.1,5.7,0.367,1.3,1.7,0.758,0.8,3.2,4,3.6,1.1,0.2,1.3,3.4,12.8
Serge Ibaka,17,16,0,185,5.1,10.5,0.481,1.2,3.5,0.333,3.9,7,0.556,1.6,2.5,0.615,2.9,5.6,8.6,0.8,0.4,1.4,2.1,4.5,12.8
Romeo Langford,27,43,21,844,5.2,11,0.467,0.7,2.6,0.262,4.5,8.4,0.53,1.7,2.4,0.696,2.4,2.4,4.9,2.1,1,0.6,1.3,2.9,12.7
Xavier Sneed,4,4,0,48,3.7,7.5,0.5,2.3,4.5,0.5,1.5,3,0.5,3,3,1,0,3.7,3.7,3.7,0,0.7,2.3,5.2,12.7
Kenrich Williams,21,53,10,1206,5.3,10.3,0.517,1.5,4,0.373,3.9,6.3,0.608,0.5,1.2,0.436,2.9,4.9,7.8,3.1,1.3,0.4,1,3.3,12.7
Taj Gibson,30,49,2,480,4.9,9.4,0.52,0.6,1.8,0.333,4.3,7.6,0.564,2.3,3.2,0.714,2.4,4.6,7,2.5,1.1,0.9,1.9,6.3,12.6
Rodney McGruder,9,32,12,524,4.3,10.4,0.408,2.8,6.7,0.423,1.4,3.8,0.382,1.2,1.5,0.818,1.4,3.7,5.1,1.9,1.1,0.1,0.8,2.7,12.6
Xavier Moon,13,4,0,20,5.4,16.2,0.333,1.8,5.4,0.333,3.6,10.8,0.333,0,0,0,0,5.4,5.4,9,0,0,1.8,3.6,12.6
Jabari Walker,25,56,0,619,4.8,11.5,0.419,0.9,3.3,0.286,3.9,8.3,0.472,2,2.6,0.756,2.8,4.8,7.6,2,0.6,0.8,1.7,4,12.6
Cory Joseph,9,62,2,1227,4.4,10.3,0.427,2.1,5.3,0.389,2.3,5,0.468,1.7,2.1,0.792,0.6,2.5,3.1,6.4,1,0.3,1.6,2.6,12.5
Anthony Lamb,10,62,4,1195,4.5,9.5,0.471,2.2,6,0.367,2.3,3.5,0.652,1.4,1.8,0.767,1.7,4.8,6.5,2.9,0.8,0.6,1.6,4,12.5
Dwight Powell,7,76,64,1458,4.9,6.6,0.732,0,0.1,0,4.9,6.5,0.746,2.8,4.1,0.667,3.7,4.1,7.8,1.7,1.2,0.6,1.6,5.2,12.5
Y29 Watanabe,3,58,1,928,4.4,9,0.491,2.3,5.2,0.444,2.1,3.8,0.557,1.3,1.8,0.723,1.2,4.3,5.5,1.9,1,0.7,0.9,3.1,12.5
Udoka Azubuike,29,36,4,359,5.9,7.2,0.819,0,0,0,5.9,7.2,0.819,0.7,2,0.35,3.1,8.8,11.9,1.1,0.6,1.5,1.8,3.4,12.5
8i Avdija,30,76,40,2020,4.5,10.3,0.437,1.2,4.1,0.297,3.3,6.2,0.53,2.2,2.9,0.739,1.3,7.4,8.7,3.8,1.2,0.5,2.2,3.7,12.4
Kentavious Caldwell-Pope,8,76,76,2381,4.4,9.6,0.462,2,4.8,0.423,2.4,4.7,0.502,1.6,1.9,0.824,0.5,2.6,3.1,2.8,1.7,0.5,1.3,2.2,12.4
Javonte Green,5,32,1,480,4.6,8.1,0.565,1,2.6,0.371,3.6,5.5,0.658,2.3,3.4,0.667,2,4.6,6.6,1.7,1.8,1.6,1.5,3.9,12.4
Théo Maledon,4,44,7,854,4.3,10.7,0.402,1.2,4,0.295,3.1,6.7,0.465,2.7,3.1,0.851,0.6,4.6,5.2,6.4,1.6,0.5,2.5,2.6,12.4
Admiral S4field,22,37,0,451,4.4,9.7,0.451,1.9,5.9,0.324,2.5,3.8,0.646,1.7,1.8,0.913,1.8,3.1,4.9,2.5,0.6,0.4,1.3,4.9,12.4
Andrew Nembhard,12,75,63,2073,4.9,11.2,0.441,1.6,4.6,0.35,3.3,6.6,0.504,0.9,1.1,0.79,0.6,2.8,3.5,5.9,1.2,0.2,2.2,3.1,12.3
8nis Smith Jr.,4,54,15,1390,4.8,11.7,0.412,0.6,2.9,0.216,4.2,8.8,0.475,2,2.7,0.736,0.7,3.6,4.3,6.8,1.9,0.6,2.1,3.2,12.3
McKinley Wright IV,7,27,1,335,4.9,10.5,0.469,1,3,0.321,4,7.5,0.529,1.4,2,0.684,1,4.1,5.1,6.2,0.9,0.5,2,2.6,12.3
Gorgui Dieng,27,31,1,358,4.5,11.8,0.385,2.1,7.5,0.28,2.4,4.2,0.571,1,1.3,0.769,2.7,8,10.8,5.3,0.4,1.4,3.2,5.7,12.2
Ousmane Dieng,21,39,1,569,4.8,11.5,0.42,1.6,6.2,0.265,3.2,5.3,0.602,0.9,1.5,0.652,1.2,5.4,6.6,2.9,0.9,0.4,1.6,2.7,12.2
Keon Ellis,26,16,0,71,3.5,8.1,0.438,3,6.1,0.5,0.5,2,0.25,2,3.5,0.571,2,2,4.1,3,2.5,0.5,0.5,5.1,12.2
DeAndre Jordan,8,39,8,586,5.4,7.1,0.765,0.1,0.1,1,5.3,7,0.763,1.4,2.9,0.458,3.2,9.2,12.4,2.1,0.7,1.4,2.9,4.4,12.2
Robert Williams,2,35,20,824,5.5,7.4,0.747,0,0,0,5.5,7.4,0.751,1.1,1.8,0.61,4.5,8.2,12.8,2.2,1,2.1,1.5,3,12.2
Jordan Hall,27,9,0,83,3.9,12.1,0.321,1.3,6.5,0.2,2.6,5.6,0.462,3,3.9,0.778,1.3,3.9,5.2,4.8,0.4,0,3,2.6,12.1
Gary Harris,22,48,42,1184,4.2,9.3,0.45,2.9,6.6,0.431,1.3,2.7,0.494,0.8,0.9,0.9,0.6,2.3,3,1.8,1.4,0.4,0.9,2.8,12.1
Terry Taylor,26,31,2,264,5.3,10.2,0.52,0.7,2.6,0.263,4.6,7.6,0.607,0.8,1.5,0.545,3.7,2.7,6.4,1.4,0.4,0.8,1.2,3.5,12.1
TyTy 30hington Jr.,11,31,2,433,4.8,13.3,0.363,1.6,6.7,0.238,3.2,6.7,0.488,0.8,1.5,0.556,0.2,3.6,3.7,3.9,1.2,0.2,1.2,2.4,12.1
Vlatko Čančar,8,60,9,889,4.4,9.2,0.476,1.7,4.7,0.374,2.6,4.5,0.58,1.5,1.7,0.927,1,4.2,5.2,3.2,0.9,0.6,1.5,3.4,12
Herbert Jones,19,66,66,1951,4.3,9.2,0.469,1,3.1,0.335,3.3,6.2,0.536,2.3,3,0.764,1.8,3.2,5,3,1.9,0.8,1.6,3.8,12
Chance Comanche,25,1,0,21,5.1,8.6,0.6,0,0,0,5.1,8.6,0.6,1.7,6.9,0.25,3.4,1.7,5.1,0,0,1.7,0,0,12
Bryn Forbes,18,25,0,268,4,11.1,0.361,1.9,6.2,0.304,2.1,5,0.432,2,2,1,0.5,1.5,2,2.3,0.9,0.3,1.6,3,12
Danuel 11se Jr.,23,56,5,807,4.1,8.8,0.472,1.7,4.9,0.336,2.5,3.9,0.644,2,2.7,0.75,0.4,3.8,4.2,2,0.6,0.4,1.2,3.1,12
Dereon Seabron,19,5,0,12,6,15,0.4,0,0,0,6,15,0.4,0,0,0,3,0,3,0,0,0,0,3,12
Kyle Anderson,18,69,46,1957,4.6,9.1,0.509,0.8,1.9,0.41,3.8,7.2,0.536,1.8,2.5,0.735,1.2,5.6,6.8,6.2,1.4,1.2,1.9,2.7,11.9
Jarred Vanderbilt,14,78,65,1879,4.7,8.6,0.548,0.6,1.7,0.322,4.2,6.9,0.604,1.8,2.7,0.691,3.3,7.9,11.2,3.5,1.6,0.4,1.9,3.6,11.9
Jason Preston,13,14,0,124,5.2,11.9,0.439,1.5,5.2,0.278,3.8,6.7,0.565,0,0.6,0,0.6,5.8,6.4,7.8,0.6,0,2.9,2,11.9
Ayo Dosunmu,5,80,51,2098,4.8,9.8,0.493,1,3.2,0.312,3.8,6.5,0.583,1.1,1.4,0.805,0.8,3,3.8,3.5,1.1,0.4,1.7,3.1,11.8
Drew Eubanks,25,78,28,1584,4.9,7.6,0.641,0.2,0.4,0.389,4.7,7.2,0.655,1.9,2.8,0.664,3,6.5,9.5,2.3,0.9,2.3,1.5,3.8,11.8
Caleb Martin,16,71,49,2077,4.4,9.5,0.464,1.5,4.1,0.356,2.9,5.4,0.545,1.6,2,0.805,1.5,4.4,6,2,1.2,0.5,1.4,2.5,11.8
Luke Kornet,2,69,0,804,5.1,7.6,0.665,0.1,0.6,0.231,4.9,7,0.701,1.4,1.7,0.821,3.9,5,8.8,2.4,0.5,2.1,1.1,3.6,11.7
Mamadi Diakite,6,22,2,176,4.9,10.2,0.48,1.4,4.3,0.333,3.5,5.9,0.586,0.4,0.4,1,1.6,4.5,6.1,1.6,0.8,1.8,2.5,5.3,11.7
Pat Connaughton,17,61,33,1443,4.1,10.5,0.392,2.7,8,0.339,1.4,2.5,0.566,0.7,1,0.659,1.2,5.8,7.1,1.9,0.9,0.3,0.8,1.7,11.6
Justin Champagnie,1,5,0,34,5.3,15.9,0.333,1.1,5.3,0.2,4.2,10.6,0.4,0,0,0,3.2,5.3,8.5,4.2,1.1,0,0,2.1,11.6
Jarrett Culver,1,10,1,137,4.5,11.3,0.395,0.3,3.2,0.083,4.2,8.1,0.516,2.4,3.4,0.692,2.6,7.4,10,1.6,1.6,0.5,1.8,3.7,11.6
Trevor Hudgins,11,5,0,28,2.6,11.6,0.222,2.6,10.3,0.25,0,1.3,0,3.9,3.9,1,0,0,0,3.9,0,0,1.3,1.3,11.6
Al Horford,2,63,63,1922,4.3,9,0.476,2.7,6.1,0.446,1.6,2.9,0.539,0.3,0.4,0.714,1.4,5.9,7.3,3.5,0.6,1.1,0.7,2.3,11.5
Larry Nance Jr.,19,65,1,1381,4.8,8,0.61,0.4,1.1,0.333,4.5,6.9,0.654,1.4,2.1,0.696,2.8,6.5,9.2,3.1,1.5,1,1.1,3.5,11.5
Steven Adams,15,42,42,1133,5,8.4,0.597,0,0,0,5,8.3,0.599,1.5,4.1,0.364,6.8,8.6,15.4,3.1,1.1,1.5,2.5,3.1,11.5
Tyrese Martin,1,16,0,66,4.9,12.5,0.391,0.5,3.8,0.143,4.4,8.7,0.5,1.1,1.1,1,2.7,3.8,6.5,1.1,0.5,0,1.1,1.1,11.5
Jack White,8,17,0,66,4.4,10.4,0.421,1.6,4.9,0.333,2.7,5.5,0.5,1.1,1.6,0.667,3.3,6,9.3,2.2,1.6,1.1,1.1,4.9,11.5
Olivier Sarr,21,9,1,114,4.7,9.5,0.5,0.3,2.5,0.125,4.4,6.9,0.636,1.6,2.2,0.714,3.8,6,9.8,1.3,0.3,1.6,1.3,5.4,11.4
Anthony Gill,30,59,8,624,4.1,7.6,0.538,0.2,1.7,0.138,3.9,5.9,0.65,2.8,3.9,0.731,2.1,3.6,5.7,2,0.4,0.7,0.9,4,11.3
Grant Williams,2,79,23,2045,3.8,8.4,0.454,2,5.1,0.395,1.8,3.3,0.546,1.7,2.1,0.77,1.5,4.9,6.4,2.3,0.7,0.5,1.4,3.4,11.3
James Johnson,12,18,1,162,4.9,10.9,0.449,0.7,3.3,0.2,4.2,7.6,0.559,0.9,1.8,0.5,0.9,5.8,6.7,3.3,1.6,1.3,1.8,7.1,11.3
Bryce McGowens,4,46,7,787,3.7,9.2,0.396,1.2,3.7,0.325,2.5,5.6,0.443,2.7,3.7,0.75,0.9,3.3,4.3,2.5,0.7,0.3,2,2.2,11.3
Jaylin Williams,21,49,36,914,4,9.2,0.436,1.8,4.5,0.407,2.2,4.8,0.463,1.5,2.1,0.704,1.7,7.8,9.5,3,1.1,0.5,1.5,4.4,11.3
Davion Mitchell,26,80,9,1447,4.5,9.9,0.454,1.6,4.9,0.32,2.9,5,0.584,0.6,0.8,0.806,0.4,2.2,2.6,4.6,1.1,0.4,1.5,2.8,11.2
Raul Neto,6,48,1,505,4.1,7.8,0.518,0.9,3,0.286,3.2,4.8,0.662,2.2,2.4,0.912,0.7,2.6,3.3,5.6,1.2,0.3,1.7,3.5,11.2
Kevon Harris,22,34,0,457,3.7,8.4,0.439,1.3,3.4,0.372,2.4,5,0.484,2.4,3.2,0.756,2.2,3.3,5.5,1.3,1.3,0.4,1.7,4.2,11.1
Garrett Temple,19,25,0,162,4,10,0.4,2.4,5.8,0.423,1.6,4.2,0.368,0.7,0.9,0.75,1.1,2.7,3.8,2.9,2,0.4,0.9,3.3,11.1
Christian Braun,8,76,6,1181,4.4,8.8,0.495,1,2.9,0.354,3.3,5.9,0.565,1.2,2,0.625,1.5,4.1,5.5,1.8,1.2,0.5,1.1,3.1,11
28rey Craig,24,79,60,1948,4.2,9.2,0.456,1.8,4.7,0.395,2.4,4.6,0.518,0.6,0.8,0.711,2.7,5.2,7.9,2.2,0.9,1.1,1.3,3.3,10.9
Josh Hart,20,76,52,2454,4,7.6,0.529,0.9,2.4,0.372,3.1,5.2,0.601,1.9,2.6,0.75,2.1,6.6,8.7,4.3,1.3,0.3,1.7,2.9,10.9
Xavier Cooks,30,10,1,126,4.9,8,0.607,0,0.3,0,4.9,7.7,0.63,1.1,2.9,0.4,4.6,6.3,10.9,1.7,1.7,1.1,2.3,3.7,10.9
Moussa Diabaté,13,22,1,195,4.4,8.7,0.511,0.2,0.4,0.5,4.2,8.3,0.511,1.8,3,0.625,5.7,3.5,9.2,0.7,1.3,1.5,1.7,2.8,10.9
Joe Ingles,17,46,0,1044,3.7,8.6,0.435,2.9,7,0.409,0.9,1.6,0.556,0.6,0.7,0.857,0.4,4,4.4,5.2,1.1,0.2,1.9,2.6,10.9
Ricky Rubio,6,33,2,566,3.9,11.3,0.343,1.3,5.2,0.256,2.5,6.1,0.417,1.8,2.2,0.8,0.6,3.9,4.5,7.3,1.7,0.4,2,3.2,10.9
Delon Wright,30,50,14,1221,4.1,8.6,0.474,1.2,3.5,0.345,2.9,5.1,0.564,1.5,1.8,0.867,1.7,3.6,5.3,5.7,2.7,0.5,1.3,1.7,10.9
Thaddeus Young,28,54,9,795,4.9,9,0.545,0.3,1.5,0.176,4.6,7.4,0.622,0.8,1.2,0.692,3.2,4.3,7.5,3.4,2.4,0.2,1.9,4,10.9
Bismack Biyombo,24,61,14,874,4.9,8.5,0.578,0,0,0,4.9,8.5,0.578,1,2.9,0.357,3.7,7,10.7,2.3,0.7,3.6,2.1,4.7,10.8
Greg Brown III,25,16,0,93,4.3,10.8,0.393,0.4,2.7,0.143,3.9,8.1,0.476,1.9,4.6,0.417,0.8,6.6,7.4,1.2,1.5,1.9,2.3,5,10.8
Blake Griffin,2,41,16,569,4,8.2,0.485,1.5,4.2,0.348,2.5,4,0.625,1.3,2,0.656,3,6.8,9.8,3.9,0.9,0.6,1.4,4.7,10.8
Otto 25ter Jr.,28,8,2,146,3.7,7.4,0.5,1.5,4.2,0.353,2.2,3.2,0.692,2,2,1,1.5,3.2,4.7,2,2.7,0,1,1.7,10.8
Joshua Primo,27,4,0,93,3.5,10.1,0.346,1.2,4.6,0.25,2.3,5.4,0.429,2.7,3.5,0.778,0.8,4.3,5,7,0.4,0.8,4.3,3.1,10.8
Trevelin Queen,12,7,0,70,3.6,14.9,0.241,1,7.7,0.133,2.6,7.2,0.357,2.6,2.6,1,4.1,4.6,8.7,3.1,1,2.6,3.6,2.1,10.8
Marko Simonovic,5,7,0,20,3.6,12.6,0.286,1.8,7.2,0.25,1.8,5.4,0.333,1.8,3.6,0.5,1.8,1.8,3.6,0,0,0,0,9,10.8
Isaac Okoro,6,76,46,1652,3.8,7.7,0.494,1.4,3.7,0.363,2.5,4,0.617,1.7,2.2,0.757,1.1,2.9,4.1,1.9,1.2,0.7,0.9,3.4,10.7
Da16n Jones,11,41,1,477,4.2,6.5,0.64,0.8,1.3,0.588,3.4,5.2,0.652,1.7,2.2,0.759,3.2,6,9.2,1.1,0.6,1.6,1.7,4.2,10.7
Kevon Looney,10,82,70,1958,4.4,7.1,0.63,0,0,0,4.4,7,0.632,1.7,2.8,0.606,5,8.9,14,3.8,1,0.9,0.8,4.1,10.6
Theo Pinson,7,40,1,323,3.5,9.7,0.356,2.5,6.9,0.355,1,2.8,0.36,1.2,1.4,0.846,1.1,5.9,7,5.1,0.7,0.1,1.3,3.8,10.6
Troy Brown Jr.,14,76,45,1860,3.9,9,0.43,2.1,5.4,0.381,1.8,3.6,0.505,0.7,0.8,0.872,1.2,4.8,6,1.8,1.1,0.3,0.9,2.3,10.5
Aaron Holiday,1,63,6,845,3.9,9.4,0.418,1.5,3.7,0.409,2.4,5.6,0.424,1.2,1.4,0.844,1.1,2.1,3.2,3.8,1.6,0.5,1.5,3.4,10.5
17es McBride,20,64,2,760,3.6,10.2,0.358,1.9,6.3,0.299,1.8,3.8,0.457,1.3,2,0.667,0.6,1.8,2.4,3.4,1.8,0.4,1.2,2.8,10.5
Lamar Stevens,6,62,25,1120,4.1,9.3,0.448,1,3.1,0.316,3.2,6.2,0.513,1.3,1.8,0.702,1.5,5.1,6.7,1.1,0.9,0.6,0.9,2.5,10.5
Justin Holiday,12,46,2,706,3.9,10.4,0.377,2.3,7.3,0.322,1.6,3.1,0.508,0.3,0.4,0.625,0.3,2.5,2.8,2.1,1,1,1.1,3.5,10.5
JD Davison,2,12,0,66,4.4,10.4,0.421,1.1,3.8,0.286,3.3,6.5,0.5,0.5,1.1,0.5,1.1,3.8,4.9,6,1.1,1.1,2.2,2.7,10.4
Isaiah Livers,9,52,22,1199,3.6,8.6,0.417,2.2,6.1,0.365,1.4,2.6,0.541,1,1.2,0.821,0.8,3.5,4.3,1.2,0.8,0.8,0.9,3.1,10.4
Kai Jones,4,46,0,550,4.4,7.9,0.558,0.3,1.2,0.211,4.1,6.6,0.624,1.2,1.7,0.731,2.4,5.6,8.1,1,1.1,2,2,4.3,10.3
Vince Williams Jr.,15,15,1,105,4.1,13.7,0.3,1.4,9.6,0.143,2.7,4.1,0.667,0.7,0.7,1,1.4,3.8,5.1,1.4,2.1,0.7,1.7,4.1,10.3
Nicolas Batum,13,78,19,1709,3.4,8,0.42,2.6,6.7,0.391,0.8,1.3,0.563,0.7,1,0.708,1.3,5,6.3,2.5,1.1,0.9,1.1,3.1,10.1
Royce O'Neale,3,76,53,2409,3.4,8.9,0.386,2.4,6.3,0.389,1,2.6,0.379,0.7,1,0.725,0.8,4.9,5.7,4.2,1,0.7,1.7,3.6,10
Kennedy Chandler,15,36,0,281,4.5,10.6,0.422,0.3,1.9,0.133,4.2,8.7,0.485,0.8,1.7,0.462,1.2,3.7,4.9,7.4,1.5,0.6,2.3,1.9,10
PJ Dozier,26,16,0,79,4.6,15,0.303,0.9,7.3,0.125,3.6,7.7,0.471,0,0,0,0.5,5.9,6.4,4.6,2.7,0.5,2.3,3.2,10
George Hill,5,46,1,834,3.4,7.2,0.47,1.5,4.1,0.358,1.9,3.1,0.62,1.8,2.4,0.764,0.6,3,3.7,4.7,1.1,0.3,1.5,2.4,10
Dru Smith,28,15,1,158,4.1,10.3,0.4,1.1,4.3,0.263,3,5.9,0.5,0.7,0.7,1,0.5,5,5.5,5,2.3,0.9,0.7,5.2,10
Dorian Finney-Smith,3,66,66,2009,3.5,9,0.391,2,6.1,0.337,1.5,2.9,0.503,0.8,1.1,0.763,2,3.6,5.7,1.8,1,0.6,1.1,2.6,9.9
Ish Wainright,24,60,2,915,3.3,8.9,0.37,2.2,6.8,0.329,1.1,2.1,0.5,1,1.2,0.839,1.8,3.7,5.5,2.1,1.5,0.9,0.9,4.6,9.9
Amir Coffey,13,50,9,625,3.2,8.4,0.386,0.6,2.3,0.275,2.6,6,0.429,2.8,3.6,0.778,1,2.1,3.1,3.1,0.4,0.3,1.2,2.9,9.9
Wendell Moore Jr.,18,29,2,153,4.2,10.1,0.419,0.5,4,0.118,3.8,6.1,0.615,0.9,1.2,0.8,0.9,3.3,4.2,4.2,1.9,1.2,1.9,3.1,9.9
Gary Payton II,10,22,1,367,4,6.8,0.594,1.3,2.6,0.5,2.7,4.2,0.651,0.6,0.7,0.857,2.4,4.4,6.8,2.9,2.2,0.5,1.6,4.2,9.9
Blake Wesley,27,37,1,669,3.7,11.6,0.321,1.1,2.8,0.385,2.6,8.8,0.301,1.4,2.4,0.591,0.6,3.8,4.4,5.3,1.3,0.3,3.5,3.6,9.9
Mitchell Robinson,20,59,58,1591,4.3,6.3,0.671,0,0,0,4.3,6.3,0.671,1.3,2.8,0.484,6,6.5,12.6,1.2,1.3,2.5,0.9,3.6,9.8
22ando Robinson,16,31,1,425,4,7.5,0.528,0,0.5,0,4,7,0.566,1.9,2.6,0.71,4.1,6.6,10.7,2.1,1,1,1.4,4.5,9.8
Ish Smith,8,43,0,398,4.7,11.8,0.397,0.2,1.1,0.167,4.5,10.8,0.42,0.2,0.4,0.5,0.5,4.4,4.9,9,0.7,0.6,4,3,9.8
Draymond Green,10,73,73,2297,3.9,7.4,0.527,0.6,2.1,0.305,3.3,5.4,0.612,1.2,1.7,0.713,1,7.2,8.2,7.8,1.2,0.9,3.2,3.6,9.7
JT Thor,4,69,8,969,3.5,8.8,0.399,1.4,4.6,0.317,2.1,4.3,0.487,1.2,1.7,0.702,1.3,4.3,5.6,1.3,0.8,0.9,1.6,2.5,9.7
Do18ick Barlow,27,28,0,408,4.1,7.6,0.535,0,0.4,0,4.1,7.2,0.561,1.6,2.2,0.72,4.1,4.9,9,2.1,0.9,1.7,1.3,4.9,9.7
Khem Birch,28,20,0,162,4.2,7.1,0.594,0.2,0.4,0.5,4,6.7,0.6,0.9,1.1,0.8,1.8,3.8,5.6,1.6,1.1,1.1,1.8,5.3,9.6
Alex Len,26,26,2,161,3.6,6.7,0.533,0,0.4,0,3.6,6.3,0.571,2.5,3.6,0.688,5.4,8,13.4,2.7,0.9,2.5,3.6,6.3,9.6
Ben Simmons,3,42,33,1105,4.3,7.7,0.566,0,0.1,0,4.3,7.6,0.571,0.8,1.9,0.439,1.3,7.3,8.6,8.3,1.8,0.8,3.2,4.5,9.5
Kessler Edwards,4,36,4,385,3.4,8.7,0.387,1.6,5.1,0.309,1.8,3.6,0.5,1,1.4,0.733,2.2,3.6,5.7,2.2,1.3,0.6,1.2,3.7,9.4
Cody Martin,4,7,0,134,3.8,9.7,0.389,0.8,3.8,0.214,3,5.9,0.5,1.1,1.9,0.571,2.1,4.3,6.4,3,1.1,0.3,0.5,3.5,9.4
Davon Reed,4,43,1,342,2.9,8.8,0.333,1.8,4.8,0.37,1.2,4,0.289,1.7,2.5,0.667,1.1,5.2,6.2,2.4,1.6,0.4,2.1,4.1,9.4
Jake LaRavia,15,35,0,414,3.2,8.3,0.389,2.1,6.2,0.338,1.1,2.1,0.542,0.6,0.8,0.778,1.7,3.8,5.5,1.8,1,0.3,1.6,4.3,9.1
Justise Winslow,25,29,11,776,3.8,9.2,0.409,0.6,2.1,0.311,3.1,7.1,0.438,0.9,1.3,0.714,2.3,4.5,6.7,4.5,1.4,0.5,2,4.1,9.1
Isaiah Hartenstein,20,82,8,1626,3.9,7.2,0.535,0.2,0.8,0.216,3.7,6.4,0.576,1.1,1.6,0.676,4.6,7.2,11.9,2.3,1.2,1.4,1.5,4.7,9
Max Christie,14,41,3,512,3.1,7.5,0.415,1.8,4.4,0.419,1.3,3.1,0.409,1,1.1,0.875,0.5,4.8,5.3,1.5,0.6,0.5,0.9,2.3,9
5ma Moneke,26,2,0,8,4.5,9,0.5,0,0,0,4.5,9,0.5,0,9,0,9,0,9,4.5,0,0,9,9,9
Austin Rivers,18,52,10,1016,3.2,7.4,0.435,1.5,4.4,0.35,1.7,3,0.558,1.1,1.4,0.769,0.2,2.8,2.9,2.7,1,0.1,0.8,2.8,9
Thanasis Antetokounmpo,17,37,0,206,3.5,8,0.435,0,1.4,0,3.5,6.6,0.526,1.9,3.8,0.5,2.6,5.1,7.7,2.6,0.5,0.5,2.1,3.8,8.9
Daishen Nix,11,57,7,914,3.2,9.3,0.342,1.6,5.5,0.286,1.6,3.8,0.423,0.9,1.4,0.667,0.7,3.2,3.9,5.2,1.2,0.3,3.4,2.3,8.9
Chuma Okeke,22,27,8,518,3,8.5,0.352,1.8,6,0.302,1.2,2.5,0.472,1.1,1.5,0.762,1.8,4.9,6.7,2.6,1.3,0.8,1.2,2.8,8.9
John Konchar,15,72,23,1494,3.3,7.7,0.431,1.4,4.3,0.339,1.9,3.4,0.545,0.7,0.9,0.778,1.5,5.9,7.5,2.4,1.9,0.6,0.9,2.7,8.8
Matisse Thybulle,4,71,28,1200,3.3,7.6,0.435,1.6,4.4,0.365,1.7,3.2,0.533,0.6,0.8,0.679,1.2,3,4.2,1.6,2.5,1,0.7,3.4,8.8
Haywood Highsmith,16,54,11,969,3.5,8,0.431,1.4,4,0.339,2.1,4,0.523,0.5,1,0.464,2.1,4.9,7,1.6,1.3,0.6,1.7,3,8.8
Caleb 11stan,22,51,4,812,2.9,8.1,0.363,2,6,0.338,0.9,2,0.435,0.7,0.8,0.833,1.5,2.9,4.4,1.3,0.5,0.3,0.8,2.8,8.6
Reggie Bullock,7,78,55,2364,2.9,7.2,0.409,2.3,6,0.38,0.6,1.1,0.562,0.4,0.6,0.703,0.5,3.8,4.3,1.6,0.8,0.2,0.5,2.5,8.5
Alex Caruso,5,67,36,1575,3,6.5,0.455,1.3,3.5,0.364,1.7,3.1,0.556,1.3,1.7,0.808,1,3.5,4.5,4.4,2.2,1.1,1.8,3.6,8.5
Jeff Dowtin,28,25,0,259,3.5,7.9,0.439,0.7,2.2,0.313,2.8,5.7,0.488,0.8,1.3,0.667,0.8,2.4,3.2,4.3,1.3,0.4,0.7,1.8,8.5
Maxi Kleber,7,37,5,930,3,6.5,0.456,1.5,4.3,0.348,1.5,2.2,0.667,1,1.5,0.711,1.2,4.1,5.2,2,0.5,1.2,1,3.3,8.5
Jordan McLaughlin,18,43,0,678,3.2,7.7,0.421,1.3,4.1,0.308,2,3.6,0.552,0.8,1,0.833,0.8,2.5,3.3,7.9,1.7,0.2,1.8,1.5,8.5
Usman Garuba,11,75,1,970,3.2,6.6,0.486,0.9,2.2,0.407,2.3,4.4,0.525,1.1,1.7,0.617,4.5,6.9,11.4,2.4,1.6,1.1,1.7,5,8.4
Alize Johnson,27,4,0,30,3.6,7.2,0.5,0,2.4,0,3.6,4.8,0.75,1.2,2.4,0.5,2.4,9.6,12,1.2,1.2,0,4.8,3.6,8.4
Dean Wade,6,44,13,891,2.9,7.2,0.412,1.8,5.1,0.354,1.1,2,0.56,0.6,0.9,0.652,0.8,5.3,6.1,1.5,1.1,0.8,0.7,3.6,8.3
Patrick Beverley,4,67,67,1816,2.9,7.1,0.4,1.6,4.7,0.335,1.3,2.4,0.529,0.9,1.3,0.723,0.9,4,4.9,3.8,1.2,0.8,1.2,3.7,8.2
Christian Koloko,28,58,19,802,3.2,6.7,0.48,0,0.5,0.083,3.2,6.2,0.514,1.7,2.6,0.627,3.8,3.9,7.7,1.4,0.9,2.6,0.9,5.7,8.2
Jared Rho8,9,14,0,198,3.1,8,0.386,0.9,3.6,0.25,2.2,4.4,0.5,1.1,1.1,1,2,4.7,6.7,0.7,0.7,0.2,0.5,4.2,8.2
Ken7l Brown,12,6,0,40,3.6,6.3,0.571,0,0.9,0,3.6,5.4,0.667,0.9,1.8,0.5,1.8,3.6,5.4,2.7,3.6,0,1.8,8.1,8.1
Frank Ntilikina,7,47,5,607,2.8,7.8,0.364,1,4,0.254,1.8,3.9,0.477,1.3,2,0.667,0.4,3.3,3.7,3.4,0.9,0.4,1.7,3.9,8
Juan Toscano-Anderson,4,52,9,700,3.3,7.4,0.448,0.4,2.2,0.186,2.9,5.1,0.56,1,1.2,0.792,1.4,4.9,6.4,3.3,0.8,0.5,1.7,4.1,8
Matthew Dellavedova,26,32,0,213,2.9,8.5,0.34,1.5,4.6,0.333,1.4,3.9,0.348,0.7,1.2,0.571,0.2,2,2.2,6.9,1.2,0,1.7,3.4,7.9
Vit Krejci,1,29,0,165,3.3,8.1,0.405,1.1,4.6,0.238,2.2,3.5,0.625,0.2,0.4,0.5,1.3,4.4,5.7,3.7,1.1,0.2,1.1,3.7,7.9
Wesley Matthews,17,52,0,820,2.5,7,0.363,1.7,5.4,0.315,0.8,1.6,0.528,1.1,1.2,0.857,1.5,3.5,5,1.5,0.9,0.6,0.8,3.1,7.9
Jeri4 Sims,20,52,16,812,3.7,4.7,0.776,0,0,0,3.7,4.7,0.783,0.5,0.7,0.75,4.4,6.3,10.7,1.1,0.7,1.2,1.2,4.3,7.9
Cole Swider,14,7,0,41,2.6,7.9,0.333,2.6,7,0.375,0,0.9,0,0,0,0,0.9,5.3,6.1,3.5,0,0,0,2.6,7.9
Dyson Daniels,19,59,11,1042,3,7.2,0.418,0.9,3,0.314,2.1,4.2,0.492,0.9,1.4,0.65,1.2,5.3,6.5,4.6,1.5,0.4,2,3.4,7.8
Vernon Carey Jr.,30,11,0,28,2.6,10.3,0.25,0,0,0,2.6,10.3,0.25,2.6,2.6,1,3.9,10.3,14.1,3.9,2.6,2.6,2.6,6.4,7.7
Jamaree Bouyea,4,5,0,71,3,7.1,0.429,1,3,0.333,2,4.1,0.5,0.5,1,0.5,0.5,2.5,3,2,2,1,2,3,7.6
John Butler,25,19,1,221,2.8,8.6,0.321,1.3,5.7,0.229,1.5,2.9,0.5,0.5,0.7,0.75,0.5,2.3,2.8,1.8,1.1,1.5,0.2,3.6,7.3
Juan4 Hernangómez,28,42,10,614,2.8,6.7,0.421,1,3.9,0.254,1.8,2.8,0.66,0.5,0.9,0.563,1.6,5.6,7.2,1.5,0.9,0.4,0.9,2.5,7.2
Facundo Campazzo,7,8,0,52,2.1,9,0.231,2.1,7.6,0.273,0,1.4,0,0.7,1.4,0.5,0,1.4,1.4,6.2,4.2,0,2.1,2.1,6.9
Justin 18aya,25,4,0,89,2.8,9.3,0.304,1.2,4.9,0.25,1.6,4.4,0.364,0,0.4,0,1.2,4.9,6.1,1.6,0.8,2,1.6,3.6,6.9
Trent Forrest,1,23,3,277,3.2,7.8,0.417,0,0.3,0,3.2,7.5,0.431,0.3,0.4,0.667,0.6,4.2,4.8,4.9,0.9,0.3,1.9,2.2,6.8
Justin Jackson,2,23,0,107,2.4,9.1,0.259,1.7,6.7,0.25,0.7,2.4,0.286,0.3,0.7,0.5,0.7,5,5.7,3,1.3,1.3,0.7,2.4,6.7
KZ Okpala,26,35,3,248,2.3,5.5,0.421,1,3,0.333,1.3,2.5,0.529,1,1.2,0.875,1,3.9,4.9,1.9,1,1,1,5.7,6.7
Nerlens Noel,4,17,4,195,2.4,6.6,0.361,0.2,0.4,0.5,2.2,6.3,0.353,1.5,2.2,0.667,1.8,6.6,8.5,1.8,3,1.8,2.4,5.9,6.5
Joe Wieskamp,28,9,0,50,2.2,10.1,0.214,2.2,8.6,0.25,0,1.4,0,0,0,0,0,2.9,2.9,2.2,0,0,0.7,2.2,6.5
Buddy Boeheim,9,10,0,90,2,10.8,0.185,1.6,10,0.16,0.4,0.8,0.5,0.8,0.8,1,0.8,1.6,2.4,1.6,0.8,0,0,2.4,6.4
Kobi Simmons,4,5,0,28,1.3,7.7,0.167,1.3,6.4,0.2,0,1.3,0,2.6,2.6,1,1.3,3.9,5.1,6.4,0,2.6,1.3,0,6.4
Mfiondu Kabengele,2,4,0,36,2,7,0.286,0,3,0,2,4,0.5,2,2,1,5,5,10,0,2,0,1,3,6
Ryan Arcidiacono,4,20,4,172,1.9,7.7,0.243,1.7,4.8,0.348,0.2,2.9,0.071,0,0,0,0,3.1,3.1,4.8,1,0,1.5,3.6,5.4
Andre Iguo7a,10,8,0,113,2.2,4.8,0.467,0.3,2.9,0.111,1.9,1.9,1,0.6,1,0.667,1,4.5,5.4,6.1,1.3,1,2.9,3.5,5.4
Isaiah Todd,30,6,1,61,1.8,11.2,0.158,0.6,5.9,0.1,1.2,5.3,0.222,1.2,1.2,1,1.2,5.9,7.1,2.4,0.6,0,1.2,2.4,5.3
Noah Vonleh,2,23,1,171,2.3,5.1,0.458,0.2,0.8,0.25,2.1,4.2,0.5,0.4,0.4,1,3.8,6.3,10.1,1.5,0.4,1.7,2.3,7.4,5.3
P.J. Tucker,23,75,75,1920,1.8,4.2,0.427,1,2.6,0.393,0.8,1.6,0.482,0.4,0.4,0.826,1.8,3.7,5.5,1.1,0.7,0.3,0.8,3.4,5
Leandro Bolmaro,29,14,0,68,1.6,10.6,0.15,0,2.1,0,1.6,8.5,0.188,0,0,0,2.1,1.6,3.7,3.7,1.6,0.5,3.7,5.3,3.2
Jacob Gilyard,15,1,0,41,0.9,2.6,0.333,0.9,2.6,0.333,0,0,0,0,0,0,0,3.5,3.5,6.1,2.6,0,1.8,2.6,2.6
Devon Dotson,30,6,0,53,0.7,6.8,0.1,0.7,2.7,0.25,0,4.1,0,0,0,0,4.1,2.7,6.8,5.4,3.4,0,2,6.1,2
Sterling Brown,14,4,0,24,0,6,0,0,3,0,0,3,0,0,0,0,4.5,7.5,12,3,4.5,0,0,6,0
Deonte Burton,26,2,0,6,0,12,0,0,6,0,0,6,0,0,0,0,0,0,0,0,0,0,0,0,0
Michael Foster Jr.,23,1,0,1,0,0,0,0,0,0,0,0,0,0,0,0,0,0,0,0,0,0,0,0,0
Frank Jackson,29,1,0,5,0,21.6,0,0,7.2,0,0,14.4,0,0,0,0,7.2,7.2,14.4,7.2,0,0,0,0,0
Alondes Williams,3,1,0,5,0,0,0,0,0,0,0,0,0,0,0,0,0,7.2,7.2,0,0,0,14.4,7.2,0
